general,specialty_name,stat_key,total_value,file_path,line_number,raw_line
Aethelflaed,"Specialty 1 | Hunter",MonstersAttackPct,-15.0,data/import/Aethelflaed.txt,51,"MonstersAttackPct -15"
Aethelflaed,"Specialty 2 | Fortune",DoubleItemsDropRateFromMonstersPct,15.0,data/import/Aethelflaed.txt,55,"DoubleItemsDropRateFromMonstersPct +15"
Aethelflaed,"Specialty 3 | Mounted Troop Ares",MountedAttackPct,10.0,data/import/Aethelflaed.txt,59,"MountedAttackPct +10"
Aethelflaed,"Specialty 3 | Mounted Troop Ares",MountedHPPct,10.0,data/import/Aethelflaed.txt,60,"MountedHPPct +10"
Aethelflaed,"Specialty 3 | Mounted Troop Ares",MountedDefensePct,10.0,data/import/Aethelflaed.txt,61,"MountedDefensePct +10"
Aethelflaed,"Specialty 4 | Lord of the Mercians",GroundAndMountedAttackOnMonstersPct,30.0,data/import/Aethelflaed.txt,65,"GroundAndMountedAttackOnMonstersPct +30"
Aethelflaed,"Specialty 4 | Lord of the Mercians",GroundAndMountedDefenseOnMonstersPct,30.0,data/import/Aethelflaed.txt,66,"GroundAndMountedDefenseOnMonstersPct +30"
"Alfred the Great","Specialty 1 | Ranged Troop Formation",RangedAttackPct,10.0,data/import/Alfred_the_Great.txt,58,"RangedAttackPct +10"
"Alfred the Great","Specialty 1 | Ranged Troop Formation",RangedDefensePct,10.0,data/import/Alfred_the_Great.txt,59,"RangedDefensePct +10"
"Alfred the Great","Specialty 2 | Siege",MarchSizeCapacityPct,6.0,data/import/Alfred_the_Great.txt,63,"MarchSizeCapacityPct +6"
"Alfred the Great","Specialty 2 | Siege",AttackingSiegeAttackPct,10.0,data/import/Alfred_the_Great.txt,64,"AttackingSiegeAttackPct +10"
"Alfred the Great","Specialty 2 | Siege",AttackingRangedAttackPct,10.0,data/import/Alfred_the_Great.txt,65,"AttackingRangedAttackPct +10"
"Alfred the Great","Specialty 3 | Ranged Troop Ares",RangedAttackPct,10.0,data/import/Alfred_the_Great.txt,69,"RangedAttackPct +10"
"Alfred the Great","Specialty 3 | Ranged Troop Ares",RangedHPPct,10.0,data/import/Alfred_the_Great.txt,70,"RangedHPPct +10"
"Alfred the Great","Specialty 3 | Ranged Troop Ares",RangedDefensePct,10.0,data/import/Alfred_the_Great.txt,71,"RangedDefensePct +10"
"Alfred the Great","Specialty 4 | Battle of Edington",RangedAttackPct,35.0,data/import/Alfred_the_Great.txt,75,"RangedAttackPct +35"
"André Masséna","Specialty 1",MountedTroopAttackPct,10.0,"data/import/André_Masséna.txt",34,"MountedTroopAttackPct +10"
"André Masséna","Specialty 1",MountedTroopHPPct,10.0,"data/import/André_Masséna.txt",35,"MountedTroopHPPct +10"
"André Masséna","Specialty 2",MarchSizeCapacityPct,6.0,"data/import/André_Masséna.txt",38,"MarchSizeCapacityPct +6"
"André Masséna","Specialty 2",AttackingMountedAttackPct,10.0,"data/import/André_Masséna.txt",39,"AttackingMountedAttackPct +10"
"André Masséna","Specialty 2",AttackingGroundAttackPct,10.0,"data/import/André_Masséna.txt",40,"AttackingGroundAttackPct +10"
"André Masséna","Specialty 3",MountedTroopAttackPct,10.0,"data/import/André_Masséna.txt",43,"MountedTroopAttackPct +10"
"André Masséna","Specialty 3",MountedTroopHPPct,10.0,"data/import/André_Masséna.txt",44,"MountedTroopHPPct +10"
"André Masséna","Specialty 3",MountedTroopDefensePct,10.0,"data/import/André_Masséna.txt",45,"MountedTroopDefensePct +10"
"André Masséna","Specialty 4",MountedTroopAttackPct,45.0,"data/import/André_Masséna.txt",48,"MountedTroopAttackPct +45"
"André Masséna","Specialty 4",MountedTroopDefensePct,45.0,"data/import/André_Masséna.txt",49,"MountedTroopDefensePct +45"
Arminius,"Specialty 1 | Ranged Troop Assault",RangedAttackPct,10.0,data/import/Arminius.txt,63,"RangedAttackPct +10"
Arminius,"Specialty 1 | Ranged Troop Assault",RangedHPPct,10.0,data/import/Arminius.txt,64,"RangedHPPct +10"
Arminius,"Specialty 2 | Snipe",EnemyTroopAttackPct,-10.0,data/import/Arminius.txt,68,"EnemyTroopAttackPct -10"
Arminius,"Specialty 3 | Iron Warrior",EnemyWoundedToDeathWhenAttackingPct,10.0,data/import/Arminius.txt,72,"EnemyWoundedToDeathWhenAttackingPct +10"
Arminius,"Specialty 4 | Battle of the Teutoburg Forest",EnemyGroundTroopHPPct,-30.0,data/import/Arminius.txt,76,"EnemyGroundTroopHPPct -30"
Arminius,"Specialty 4 | Battle of the Teutoburg Forest",EnemyMountedTroopHPPct,-30.0,data/import/Arminius.txt,77,"EnemyMountedTroopHPPct -30"
Aurelian,"Specialty 1",GroundAttackPct,10.0,data/import/Aurelian.txt,40,"GroundAttackPct +10"
Aurelian,"Specialty 1",GroundDefensePct,10.0,data/import/Aurelian.txt,41,"GroundDefensePct +10"
Aurelian,"Specialty 2",EnemyTroopDefensePct,-10.0,data/import/Aurelian.txt,44,"EnemyTroopDefensePct -10"
Aurelian,"Specialty 3",GroundAttackPct,10.0,data/import/Aurelian.txt,47,"GroundAttackPct +10"
Aurelian,"Specialty 3",GroundHPPct,10.0,data/import/Aurelian.txt,48,"GroundHPPct +10"
Aurelian,"Specialty 3",GroundDefensePct,10.0,data/import/Aurelian.txt,49,"GroundDefensePct +10"
Aurelian,"Specialty 4",AttackingGroundAttackPct,35.0,data/import/Aurelian.txt,52,"AttackingGroundAttackPct +35"
Aurelian,"Specialty 4",AttackingMountedHPPct,40.0,data/import/Aurelian.txt,53,"AttackingMountedHPPct +40"
Aurelian,"Specialty 4",AttackingGroundHPPct,40.0,data/import/Aurelian.txt,54,"AttackingGroundHPPct +40"
"Basil II","Specialty 1 | Ground Troop Defense",GroundHPPct,10.0,data/import/Basil_II.txt,70,"GroundHPPct +10"
"Basil II","Specialty 1 | Ground Troop Defense",GroundDefensePct,10.0,data/import/Basil_II.txt,71,"GroundDefensePct +10"
"Basil II","Specialty 2 | Snipe",EnemyTroopAttackPct,-10.0,data/import/Basil_II.txt,75,"EnemyTroopAttackPct -10"
"Basil II","Specialty 3 | War God",AllTroopsAttackPct,6.0,data/import/Basil_II.txt,79,"AllTroopsAttackPct +6"
"Basil II","Specialty 4 | Battle of Kleidion",GroundAttackPct,20.0,data/import/Basil_II.txt,83,"GroundAttackPct +20"
"Basil II","Specialty 4 | Battle of Kleidion",MountedAttackPct,20.0,data/import/Basil_II.txt,84,"MountedAttackPct +20"
"Basil II","Specialty 4 | Battle of Kleidion",GroundHPPct,10.0,data/import/Basil_II.txt,85,"GroundHPPct +10"
"Basil II","Specialty 4 | Battle of Kleidion",MountedHPPct,10.0,data/import/Basil_II.txt,86,"MountedHPPct +10"
Blanche,"Specialty 1",RangedTroopAttackPct,10.0,data/import/Blanche.txt,38,"RangedTroopAttackPct +10"
Blanche,"Specialty 1",RangedTroopDefensePct,10.0,data/import/Blanche.txt,39,"RangedTroopDefensePct +10"
Blanche,"Specialty 2",HospitalCapacityPct,10.0,data/import/Blanche.txt,42,"HospitalCapacityPct +10"
Blanche,"Specialty 2",InCityGroundTroopAttackPct,10.0,data/import/Blanche.txt,43,"InCityGroundTroopAttackPct +10"
Blanche,"Specialty 2",InCityMountedTroopAttackPct,10.0,data/import/Blanche.txt,44,"InCityMountedTroopAttackPct +10"
Blanche,"Specialty 3",HealingSpeedPct,20.0,data/import/Blanche.txt,47,"HealingSpeedPct +20"
Blanche,"Specialty 4",HealingSpeedPct,50.0,data/import/Blanche.txt,50,"HealingSpeedPct +50"
Blanche,"Specialty 4",InCityTroopAttackPct,8.0,data/import/Blanche.txt,51,"InCityTroopAttackPct +8"
Carus,"Specialty 1 | Ground Troop Assault",GroundAttackPct,10.0,data/import/Carus.txt,48,"GroundAttackPct +10"
Carus,"Specialty 1 | Ground Troop Assault",GroundHPPct,10.0,data/import/Carus.txt,49,"GroundHPPct +10"
Carus,"Specialty 2 | Annihilation",MarchSizeCapacityPct,6.0,data/import/Carus.txt,53,"MarchSizeCapacityPct +6"
Carus,"Specialty 2 | Annihilation",AttackingMountedAttackPct,10.0,data/import/Carus.txt,54,"AttackingMountedAttackPct +10"
Carus,"Specialty 2 | Annihilation",AttackingGroundAttackPct,10.0,data/import/Carus.txt,55,"AttackingGroundAttackPct +10"
Carus,"Specialty 4 | Persicus Maximus",AttackingMountedAttackPct,20.0,data/import/Carus.txt,63,"AttackingMountedAttackPct +20"
Carus,"Specialty 4 | Persicus Maximus",AttackingGroundAttackPct,20.0,data/import/Carus.txt,64,"AttackingGroundAttackPct +20"
Carus,"Specialty 4 | Persicus Maximus",AttackingMountedDefensePct,20.0,data/import/Carus.txt,65,"AttackingMountedDefensePct +20"
"Charles XII","Specialty 1",RangedTroopAttackPct,10.0,data/import/Charles_XII.txt,42,"RangedTroopAttackPct +10"
"Charles XII","Specialty 1",RangedTroopDefensePct,10.0,data/import/Charles_XII.txt,43,"RangedTroopDefensePct +10"
"Charles XII","Specialty 2",RangedTroopAttackPct,10.0,data/import/Charles_XII.txt,46,"RangedTroopAttackPct +10"
"Charles XII","Specialty 2",SiegeMachineAttackPct,10.0,data/import/Charles_XII.txt,47,"SiegeMachineAttackPct +10"
"Charles XII","Specialty 3",RangedTroopAttackPct,10.0,data/import/Charles_XII.txt,50,"RangedTroopAttackPct +10"
"Charles XII","Specialty 3",RangedTroopHPPct,10.0,data/import/Charles_XII.txt,51,"RangedTroopHPPct +10"
"Charles XII","Specialty 3",RangedTroopDefensePct,10.0,data/import/Charles_XII.txt,52,"RangedTroopDefensePct +10"
"Charles XII","Specialty 4",AttackingSiegeMachineAttackPct,35.0,data/import/Charles_XII.txt,55,"AttackingSiegeMachineAttackPct +35"
"Charles XII","Specialty 4",AttackingRangedTroopAttackPct,35.0,data/import/Charles_XII.txt,56,"AttackingRangedTroopAttackPct +35"
"Charles XII","Specialty 4",AttackingRangedTroopHPPct,10.0,data/import/Charles_XII.txt,58,"AttackingRangedTroopHPPct +10"
"Charles the Great","Specialty 1 | Mounted Troop Formation",MountedAttackPct,10.0,data/import/Charles_the_Great_Awakened.txt,51,"MountedAttackPct +10"
"Charles the Great","Specialty 1 | Mounted Troop Formation",MountedDefensePct,10.0,data/import/Charles_the_Great_Awakened.txt,52,"MountedDefensePct +10"
"Charles the Great","Specialty 2 | Trapping",MayorTrainingSpeedSubordinateCityPct,20.0,data/import/Charles_the_Great_Awakened.txt,56,"MayorTrainingSpeedSubordinateCityPct +20"
"Charles the Great","Specialty 2 | Trapping",MayorDeathToSurvivalRateSubordinateCityPct,6.0,data/import/Charles_the_Great_Awakened.txt,57,"MayorDeathToSurvivalRateSubordinateCityPct +6"
"Charles the Great","Specialty 3 | Ruler",MayorTroopCapacitySubordinateCityPct,36.0,data/import/Charles_the_Great_Awakened.txt,61,"MayorTroopCapacitySubordinateCityPct +36"
"Charles the Great","Specialty 4 | Empire Founder",MayorConstructionSpeedSubordinateCityPct,80.0,data/import/Charles_the_Great_Awakened.txt,65,"MayorConstructionSpeedSubordinateCityPct +80"
Cimon,"Specialty 1",GroundHPPct,10.0,data/import/Cimon.txt,48,"GroundHPPct +10"
Cimon,"Specialty 1",GroundDefensePct,10.0,data/import/Cimon.txt,49,"GroundDefensePct +10"
Cimon,"Specialty 2",EnemyTroopAttackPct,-10.0,data/import/Cimon.txt,52,"EnemyTroopAttackPct -10"
Cimon,"Specialty 3",AttackingTroopDeathToWoundedRatePct,10.0,data/import/Cimon.txt,55,"AttackingTroopDeathToWoundedRatePct +10"
Cimon,"Specialty 4",EnemyRangedTroopAttackPct,-25.0,data/import/Cimon.txt,58,"EnemyRangedTroopAttackPct -25"
Cimon,"Specialty 4",EnemySiegeMachineAttackPct,-25.0,data/import/Cimon.txt,59,"EnemySiegeMachineAttackPct -25"
Cimon,"Specialty 4",EnemyRangedTroopDefensePct,-20.0,data/import/Cimon.txt,60,"EnemyRangedTroopDefensePct -20"
Cimon,"Specialty 4",EnemySiegeMachineDefensePct,-20.0,data/import/Cimon.txt,61,"EnemySiegeMachineDefensePct -20"
Cimon,"Specialty 4",EnemyRangedTroopHPPct,-20.0,data/import/Cimon.txt,62,"EnemyRangedTroopHPPct -20"
Cimon,"Specialty 4",EnemySiegeMachineHPPct,-20.0,data/import/Cimon.txt,63,"EnemySiegeMachineHPPct -20"
"Clovis I","Specialty 1",RangedTroopHPPct,10.0,data/import/Clovis_I.txt,20,"RangedTroopHPPct +10"
"Clovis I","Specialty 1",RangedTroopDefensePct,10.0,data/import/Clovis_I.txt,21,"RangedTroopDefensePct +10"
"Clovis I","Specialty 2",EnemyTroopDefensePct,-10.0,data/import/Clovis_I.txt,24,"EnemyTroopDefensePct -10"
"Clovis I","Specialty 4",InCityTroopAttackPct,10.0,data/import/Clovis_I.txt,32,"InCityTroopAttackPct +10"
"Clovis I","Specialty 4",InCityTroopsDefensePct,25.0,data/import/Clovis_I.txt,33,"InCityTroopsDefensePct +25"
"Clovis I","Specialty 4",InCityTroopsHPPct,25.0,data/import/Clovis_I.txt,34,"InCityTroopsHPPct +25"
"Cnut the Great","Specialty 1 | Mounted Troop Assault",MountedAttackPct,10.0,data/import/Cnut_the_Great.txt,59,"MountedAttackPct +10"
"Cnut the Great","Specialty 1 | Mounted Troop Assault",MountedHPPct,10.0,data/import/Cnut_the_Great.txt,60,"MountedHPPct +10"
"Cnut the Great","Specialty 2 | Snipe",EnemyTroopAttackPct,-10.0,data/import/Cnut_the_Great.txt,64,"EnemyTroopAttackPct -10"
"Cnut the Great","Specialty 3 | Ruler",MayorTroopCapacitySubordinateCityPct,36.0,data/import/Cnut_the_Great.txt,69,"TroopCapacityInSubordinateCityPct +36"
"Cnut the Great","Specialty 4 | The North Sea Empire",EnemyRangedTroopAttackPct,-26.0,data/import/Cnut_the_Great.txt,73,"EnemyRangedTroopAttackPct -26"
"Cnut the Great","Specialty 4 | The North Sea Empire",EnemyRangedTroopDefensePct,-26.0,data/import/Cnut_the_Great.txt,74,"EnemyRangedTroopDefensePct -26"
"Cnut the Great","Specialty 4 | The North Sea Empire",EnemyRangedTroopHPPct,-26.0,data/import/Cnut_the_Great.txt,75,"EnemyRangedTroopHPPct -26"
"Constantine the Great","Specialty 1 | Mounted Troop Formation",MountedAttackPct,10.0,data/import/Constantine.txt,61,"MountedAttackPct +10"
"Constantine the Great","Specialty 1 | Mounted Troop Formation",MountedDefensePct,10.0,data/import/Constantine.txt,62,"MountedDefensePct +10"
"Constantine the Great","Specialty 2 | Formation",GroundAttackPct,10.0,data/import/Constantine.txt,66,"GroundAttackPct +10"
"Constantine the Great","Specialty 2 | Formation",MountedAttackPct,10.0,data/import/Constantine.txt,67,"MountedAttackPct +10"
"Constantine the Great","Specialty 3 | War God",AllTroopsAttackPct,6.0,data/import/Constantine.txt,71,"AllTroopsAttackPct +6"
"Constantine the Great","Specialty 4 | Battle of the Milvian Bridge",EnemyGroundAttackPct,-20.0,data/import/Constantine.txt,75,"EnemyGroundAttackPct -20"
"Constantine the Great","Specialty 4 | Battle of the Milvian Bridge",EnemyMountedAttackPct,-20.0,data/import/Constantine.txt,76,"EnemyMountedAttackPct -20"
"Constantine the Great","Specialty 4 | Battle of the Milvian Bridge",GroundAttackPct,10.0,data/import/Constantine.txt,77,"GroundAttackPct +10"
"Constantine the Great","Specialty 4 | Battle of the Milvian Bridge",MountedAttackPct,10.0,data/import/Constantine.txt,78,"MountedAttackPct +10"
"Edward III","Specialty 1",RangedTroopAttackPct,10.0,data/import/Edward_III.txt,38,"RangedTroopAttackPct +10"
"Edward III","Specialty 1",RangedTroopHPPct,10.0,data/import/Edward_III.txt,39,"RangedTroopHPPct +10"
"Edward III","Specialty 2",RangedTroopAttackPct,10.0,data/import/Edward_III.txt,42,"RangedTroopAttackPct +10"
"Edward III","Specialty 2",SiegeMachineAttackPct,10.0,data/import/Edward_III.txt,43,"SiegeMachineAttackPct +10"
"Edward III","Specialty 3",RangedTroopAttackPct,10.0,data/import/Edward_III.txt,46,"RangedTroopAttackPct +10"
"Edward III","Specialty 3",RangedTroopHPPct,10.0,data/import/Edward_III.txt,47,"RangedTroopHPPct +10"
"Edward III","Specialty 3",RangedTroopDefensePct,10.0,data/import/Edward_III.txt,48,"RangedTroopDefensePct +10"
"Edward III","Specialty 4",RangedTroopAttackPct,35.0,data/import/Edward_III.txt,51,"RangedTroopAttackPct +35"
"Edward III","Specialty 4",RangedTroopHPPct,15.0,data/import/Edward_III.txt,52,"RangedTroopHPPct +15"
"Edward Teach","Specialty 1",SiegeMachineAttackPct,10.0,data/import/Edward_Teach.txt,35,"SiegeMachineAttackPct +10"
"Edward Teach","Specialty 1",SiegeMachineDefensePct,10.0,data/import/Edward_Teach.txt,36,"SiegeMachineDefensePct +10"
"Edward Teach","Specialty 2",RangedTroopAttackPct,10.0,data/import/Edward_Teach.txt,39,"RangedTroopAttackPct +10"
"Edward Teach","Specialty 2",SiegeMachineAttackPct,10.0,data/import/Edward_Teach.txt,40,"SiegeMachineAttackPct +10"
"Edward Teach","Specialty 3",SiegeMachineAttackPct,10.0,data/import/Edward_Teach.txt,43,"SiegeMachineAttackPct +10"
"Edward Teach","Specialty 3",SiegeMachineHPPct,10.0,data/import/Edward_Teach.txt,44,"SiegeMachineHPPct +10"
"Edward Teach","Specialty 3",SiegeMachineDefensePct,10.0,data/import/Edward_Teach.txt,45,"SiegeMachineDefensePct +10"
"Edward Teach","Specialty 4",SiegeMachineAttackPct,35.0,data/import/Edward_Teach.txt,48,"SiegeMachineAttackPct +35"
"Edward Teach","Specialty 4",RangedTroopHPPct,25.0,data/import/Edward_Teach.txt,49,"RangedTroopHPPct +25"
"Edward Teach","Specialty 4",SiegeMachineHPPct,25.0,data/import/Edward_Teach.txt,50,"SiegeMachineHPPct +25"
"Edward the Black Prince","Specialty 4 | Battle of Poitiers",LeadingRangedAttackPct,26.0,data/import/Edward_the_Black_Prince.txt,99,"LeadingRangedAttackPct +26"
"Edward the Black Prince","Specialty 4 | Battle of Poitiers",LeadingRangedHPPct,26.0,data/import/Edward_the_Black_Prince.txt,100,"LeadingRangedHPPct +26"
"Elizabeth I","Specialty 2 | Annihilation",MarchSizeCapacityPct,6.0,data/import/Elizabeth_I.txt,71,"MarchSizeCapacityPct +6"
"Elizabeth I","Specialty 2 | Annihilation",AttackingMountedAttackPct,10.0,data/import/Elizabeth_I.txt,72,"AttackingMountedAttackPct +10"
"Elizabeth I","Specialty 2 | Annihilation",AttackingGroundAttackPct,10.0,data/import/Elizabeth_I.txt,73,"AttackingGroundAttackPct +10"
"Elizabeth I","Specialty 4 | Golden Age",RangedTroopAttackPct,20.0,data/import/Elizabeth_I.txt,99,"RangedTroopAttackPct +20"
"Elizabeth I","Specialty 4 | Golden Age",EnemyRangedTroopAttackPct,-25.0,data/import/Elizabeth_I.txt,100,"EnemyRangedTroopAttackPct -25"
"Gaius Octavius","Specialty 2 | Annihilation",MarchSizeCapacityPct,6.0,data/import/Gaius_Octavius.txt,67,"MarchSizeCapacityPct +6"
"Gaius Octavius","Specialty 2 | Annihilation",AttackingMountedAttackPct,10.0,data/import/Gaius_Octavius.txt,68,"AttackingMountedAttackPct +10"
"Gaius Octavius","Specialty 2 | Annihilation",AttackingGroundAttackPct,10.0,data/import/Gaius_Octavius.txt,69,"AttackingGroundAttackPct +10"
"Gaius Octavius","Specialty 3 | War God",AllTroopsAttackPct,6.0,data/import/Gaius_Octavius.txt,73,"AllTroopsAttackPct +6"
"Gaius Octavius","Specialty 4 | Battle of Actium",MountedAttackPct,30.0,data/import/Gaius_Octavius.txt,77,"MountedAttackPct +30"
"Gaius Octavius","Specialty 4 | Battle of Actium",MountedHPPct,20.0,data/import/Gaius_Octavius.txt,78,"MountedHPPct +20"
"Godfrey of Bouillon","Specialty 1 | Ranged Troop Defense",RangedHPPct,10.0,data/import/Godfrey_of_Bouillon.txt,51,"RangedHPPct +10"
"Godfrey of Bouillon","Specialty 1 | Ranged Troop Defense",RangedDefensePct,10.0,data/import/Godfrey_of_Bouillon.txt,52,"RangedDefensePct +10"
"Godfrey of Bouillon","Specialty 2 | Siege",MarchSizeCapacityPct,6.0,data/import/Godfrey_of_Bouillon.txt,56,"MarchSizeCapacityPct +6"
"Godfrey of Bouillon","Specialty 2 | Siege",AttackingSiegeMachineAttackPct,10.0,data/import/Godfrey_of_Bouillon.txt,57,"AttackingSiegeMachineAttackPct +10"
"Godfrey of Bouillon","Specialty 2 | Siege",AttackingRangedAttackPct,10.0,data/import/Godfrey_of_Bouillon.txt,58,"AttackingRangedAttackPct +10"
"Godfrey of Bouillon","Specialty 3 | Ranged Troop Ares",RangedAttackPct,10.0,data/import/Godfrey_of_Bouillon.txt,62,"RangedAttackPct +10"
"Godfrey of Bouillon","Specialty 3 | Ranged Troop Ares",RangedHPPct,10.0,data/import/Godfrey_of_Bouillon.txt,63,"RangedHPPct +10"
"Godfrey of Bouillon","Specialty 3 | Ranged Troop Ares",RangedDefensePct,10.0,data/import/Godfrey_of_Bouillon.txt,64,"RangedDefensePct +10"
"Godfrey of Bouillon","Specialty 4 | Advocate of the Holy Sepulchre",RangedAttackPct,30.0,data/import/Godfrey_of_Bouillon.txt,68,"RangedAttackPct +30"
"Godfrey of Bouillon","Specialty 4 | Advocate of the Holy Sepulchre",RangedDefensePct,10.0,data/import/Godfrey_of_Bouillon.txt,69,"RangedDefensePct +10"
"Godfrey of Bouillon","Specialty 4 | Advocate of the Holy Sepulchre",RangedHPPct,10.0,data/import/Godfrey_of_Bouillon.txt,70,"RangedHPPct +10"
"Guinevere (Awakened)","Specialty 2",EnemyTroopDefensePct,-10.0,data/import/Guinevere.txt,64,"EnemyTroopDefensePct -10"
"Guinevere (Awakened)","Specialty 3",MayorTroopCapacitySubordinateCityPct,80.0,data/import/Guinevere.txt,67,"MayorTroopCapacitySubordinateCityPct +80"
"Guinevere (Awakened)","Specialty 3",InCityTroopAttackPct,10.0,data/import/Guinevere.txt,70,"InCityTroopAttackPct +10"
"Guinevere (Awakened)","Specialty 4",InCityTroopAttackPct,10.0,data/import/Guinevere.txt,73,"InCityTroopAttackPct +10"
"Guinevere (Awakened)","Specialty 4",EnemyGroundTroopDefensePct,-30.0,data/import/Guinevere.txt,75,"EnemyGroundTroopDefensePct -30"
"Guinevere (Awakened)","Specialty 4",EnemyMountedTroopDefensePct,-30.0,data/import/Guinevere.txt,76,"EnemyMountedTroopDefensePct -30"
"Gustavus Adolphus","Specialty 1 | Siege Machine Assault",SiegeMachineAttackPct,10.0,data/import/Gustavus_Adolphus.txt,50,"SiegeMachineAttackPct +10"
"Gustavus Adolphus","Specialty 1 | Siege Machine Assault",SiegeMachineHPPct,10.0,data/import/Gustavus_Adolphus.txt,51,"SiegeMachineHPPct +10"
"Gustavus Adolphus","Specialty 2 | Bash",RangedAttackPct,10.0,data/import/Gustavus_Adolphus.txt,55,"RangedAttackPct +10"
"Gustavus Adolphus","Specialty 2 | Bash",SiegeMachineAttackPct,10.0,data/import/Gustavus_Adolphus.txt,56,"SiegeMachineAttackPct +10"
"Gustavus Adolphus","Specialty 3 | Siege Machine Ares",SiegeMachineAttackPct,10.0,data/import/Gustavus_Adolphus.txt,60,"SiegeMachineAttackPct +10"
"Gustavus Adolphus","Specialty 3 | Siege Machine Ares",SiegeMachineHPPct,10.0,data/import/Gustavus_Adolphus.txt,61,"SiegeMachineHPPct +10"
"Gustavus Adolphus","Specialty 3 | Siege Machine Ares",SiegeMachineDefensePct,10.0,data/import/Gustavus_Adolphus.txt,62,"SiegeMachineDefensePct +10"
"Gustavus Adolphus","Specialty 4 | Battle of Bradfield",AttackingSiegeMachineAttackPct,16.0,data/import/Gustavus_Adolphus.txt,66,"AttackingSiegeMachineAttackPct +16"
"Gustavus Adolphus","Specialty 4 | Battle of Bradfield",AttackingRangedAttackPct,16.0,data/import/Gustavus_Adolphus.txt,67,"AttackingRangedAttackPct +16"
"Gustavus Adolphus","Specialty 4 | Battle of Bradfield",AttackingRangedHPPct,16.0,data/import/Gustavus_Adolphus.txt,68,"AttackingRangedHPPct +16"
"Gustavus Adolphus","Specialty 4 | Battle of Bradfield",AttackingSiegeMachineHPPct,16.0,data/import/Gustavus_Adolphus.txt,69,"AttackingSiegeMachineHPPct +16"
Hammurabi,"Specialty 1",SiegeMachineHPPct,10.0,data/import/Hammurabi.txt,43,"SiegeMachineHPPct +10"
Hammurabi,"Specialty 1",SiegeMachineDefensePct,10.0,data/import/Hammurabi.txt,44,"SiegeMachineDefensePct +10"
Hammurabi,"Specialty 2",RangedAttackPct,10.0,data/import/Hammurabi.txt,47,"RangedAttackPct +10"
Hammurabi,"Specialty 2",SiegeMachineAttackPct,10.0,data/import/Hammurabi.txt,48,"SiegeMachineAttackPct +10"
Hammurabi,"Specialty 4",RangedHPPct,20.0,data/import/Hammurabi.txt,55,"RangedHPPct +20"
Hammurabi,"Specialty 4",SiegeMachineHPPct,20.0,data/import/Hammurabi.txt,56,"SiegeMachineHPPct +20"
Harald,"Specialty 1 | Siege Machine Assault",SiegeMachineAttackPct,10.0,data/import/Harald.txt,48,"SiegeMachineAttackPct +10"
Harald,"Specialty 1 | Siege Machine Assault",SiegeMachineHPPct,10.0,data/import/Harald.txt,49,"SiegeMachineHPPct +10"
Harald,"Specialty 2 | Sabotage",EnemyTroopDefensePct,-10.0,data/import/Harald.txt,53,"EnemyTroopDefensePct -10"
Harald,"Specialty 4 | Harald Bluetooth",EnemyWoundedToDeathWhenAttackingPct,10.0,data/import/Harald.txt,61,"EnemyWoundedToDeathWhenAttackingPct +10"
Harald,"Specialty 4 | Harald Bluetooth",EnemyTroopDefensePct,-10.0,data/import/Harald.txt,62,"EnemyTroopDefensePct -10"
Heraclius,"Specialty 1",SiegeMachineHPPct,10.0,data/import/Heraclius.txt,16,"SiegeMachineHPPct +10"
Heraclius,"Specialty 1",SiegeMachineDefensePct,10.0,data/import/Heraclius.txt,17,"SiegeMachineDefensePct +10"
Heraclius,"Specialty 2",EnemyTroopAttackPct,-10.0,data/import/Heraclius.txt,20,"EnemyTroopAttackPct -10"
Heraclius,"Specialty 4",SiegeMachineAttackPct,30.0,data/import/Heraclius.txt,27,"SiegeMachineAttackPct +30"
Heraclius,"Specialty 4",EnemyTroopHPPct,-30.0,data/import/Heraclius.txt,28,"EnemyTroopHPPct -30"
"Isaac Brock","Specialty 1",GroundHPPct,10.0,data/import/Isaac_Brock.txt,45,"GroundHPPct +10"
"Isaac Brock","Specialty 1",GroundDefensePct,10.0,data/import/Isaac_Brock.txt,46,"GroundDefensePct +10"
"Isaac Brock","Specialty 2",InCityTroopAttackPct,6.0,data/import/Isaac_Brock.txt,49,"InCityTroopAttackPct +6"
"Isaac Brock","Specialty 3",GroundAttackPct,10.0,data/import/Isaac_Brock.txt,52,"GroundAttackPct +10"
"Isaac Brock","Specialty 3",GroundHPPct,10.0,data/import/Isaac_Brock.txt,53,"GroundHPPct +10"
"Isaac Brock","Specialty 3",GroundDefensePct,10.0,data/import/Isaac_Brock.txt,54,"GroundDefensePct +10"
"Isaac Brock","Specialty 4",InCityGroundTroopAttackPct,40.0,data/import/Isaac_Brock.txt,58,"InCityGroundTroopAttackPct +40"
"Isaac Brock","Specialty 4",InCityGroundTroopDefensePct,15.0,data/import/Isaac_Brock.txt,59,"InCityGroundTroopDefensePct +15"
"Isabella I","Specialty 1 | Siege Machine Assault",SiegeAttackPct,10.0,data/import/Isabella_I.txt,51,"SiegeAttackPct +10"
"Isabella I","Specialty 1 | Siege Machine Assault",SiegeHPPct,10.0,data/import/Isabella_I.txt,52,"SiegeHPPct +10"
"Isabella I","Specialty 2 | Bash",RangedAttackPct,10.0,data/import/Isabella_I.txt,56,"RangedAttackPct +10"
"Isabella I","Specialty 2 | Bash",SiegeAttackPct,10.0,data/import/Isabella_I.txt,57,"SiegeAttackPct +10"
"Isabella I","Specialty 3 | King's Ambition",MainCityTroopDeathToSoulRatePct,10.0,data/import/Isabella_I.txt,61,"MainCityTroopDeathToSoulRatePct +10"
"Isabella I","Specialty 4 | Age of Discovery",AttackingSiegeAttackPct,30.0,data/import/Isabella_I.txt,65,"AttackingSiegeAttackPct +30 (When General brings any dragon)"
"Isabella I","Specialty 4 | Age of Discovery",MarchSizeCapacityPct,10.0,data/import/Isabella_I.txt,66,"MarchSizeCapacityPct +10 (When General brings any dragon)"
Jadwiga,"Specialty 1 | Mounted Troop Formation",MountedTroopAttackPct,10.0,data/import/Jadwiga.txt,60,"MountedTroopAttackPct +10"
Jadwiga,"Specialty 1 | Mounted Troop Formation",MountedTroopDefensePct,10.0,data/import/Jadwiga.txt,61,"MountedTroopDefensePct +10"
Jadwiga,"Specialty 2 | Defensive",HospitalCapacityPct,10.0,data/import/Jadwiga.txt,67,"HospitalCapacityPct +10"
Jadwiga,"Specialty 2 | Defensive",InCityGroundTroopAttackPct,10.0,data/import/Jadwiga.txt,68,"InCityGroundTroopAttackPct +10"
Jadwiga,"Specialty 2 | Defensive",InCityMountedTroopAttackPct,10.0,data/import/Jadwiga.txt,69,"InCityMountedTroopAttackPct +10"
Jadwiga,"Specialty 3 | Mounted Troop Ares",MountedTroopAttackPct,10.0,data/import/Jadwiga.txt,76,"MountedTroopAttackPct +10"
Jadwiga,"Specialty 3 | Mounted Troop Ares",MountedTroopHPPct,10.0,data/import/Jadwiga.txt,77,"MountedTroopHPPct +10"
Jadwiga,"Specialty 3 | Mounted Troop Ares",MountedTroopDefensePct,10.0,data/import/Jadwiga.txt,78,"MountedTroopDefensePct +10"
Jadwiga,"Specialty 4 | Queen of Poland",MountedTroopAttackPct,26.0,data/import/Jadwiga.txt,84,"MountedTroopAttackPct +26"
Jadwiga,"Specialty 4 | Queen of Poland",EnemySiegeMachineAttackPct,-20.0,data/import/Jadwiga.txt,85,"EnemySiegeMachineAttackPct -20"
"Jan Karol Chodkiewicz","Specialty 1",SiegeMachineHPPct,10.0,data/import/Jan_Karol_Chodkiewicz.txt,40,"SiegeMachineHPPct +10"
"Jan Karol Chodkiewicz","Specialty 1",SiegeMachineDefensePct,10.0,data/import/Jan_Karol_Chodkiewicz.txt,41,"SiegeMachineDefensePct +10"
"Jan Karol Chodkiewicz","Specialty 2",EnemyTroopAttackPct,-10.0,data/import/Jan_Karol_Chodkiewicz.txt,44,"EnemyTroopAttackPct -10"
"Jan Karol Chodkiewicz","Specialty 3",AllTroopsAttackPct,6.0,data/import/Jan_Karol_Chodkiewicz.txt,47,"AllTroopsAttackPct +6"
"Jan Karol Chodkiewicz","Specialty 4",EnemyMountedTroopAttackPct,-35.0,data/import/Jan_Karol_Chodkiewicz.txt,50,"EnemyMountedTroopAttackPct -35"
"Jan Karol Chodkiewicz","Specialty 4",EnemySiegeMachineDefensePct,-20.0,data/import/Jan_Karol_Chodkiewicz.txt,51,"EnemySiegeMachineDefensePct -20"
"Jan Karol Chodkiewicz","Specialty 4",EnemySiegeMachineHPPct,-20.0,data/import/Jan_Karol_Chodkiewicz.txt,52,"EnemySiegeMachineHPPct -20"
"John I of Portugal","Specialty 1 | Ranged Troop Formation",RangedAttackPct,10.0,data/import/John_I_of_Portugal.txt,63,"RangedAttackPct +10"
"John I of Portugal","Specialty 1 | Ranged Troop Formation",RangedDefensePct,10.0,data/import/John_I_of_Portugal.txt,64,"RangedDefensePct +10"
"John I of Portugal","Specialty 2 | Pacify",SubCityGoldProductionSpeedPct,36.0,data/import/John_I_of_Portugal.txt,68,"SubCityGoldProductionSpeedPct +36"
"John I of Portugal","Specialty 2 | Pacify",MayorConstructionSpeedSubordinateCityPct,36.0,data/import/John_I_of_Portugal.txt,69,"SubCityConstructionSpeedPct +36"
"John I of Portugal","Specialty 3 | Sage",RangedTrainingSpeedPct,20.0,data/import/John_I_of_Portugal.txt,73,"RangedTrainingSpeedPct +20"
"John I of Portugal","Specialty 3 | Sage",RangedTrainingCapacityPct,20.0,data/import/John_I_of_Portugal.txt,74,"RangedTrainingCapacityPct +20"
"John I of Portugal","Specialty 4 | Ocean Expansion",RangedTrainingSpeedPct,26.0,data/import/John_I_of_Portugal.txt,78,"RangedTrainingSpeedPct +26"
"John I of Portugal","Specialty 4 | Ocean Expansion",RangedTrainingCapacityPct,20.0,data/import/John_I_of_Portugal.txt,79,"RangedTrainingCapacityPct +20"
"Justinian I (Awakened)","Specialty 1",SiegeMachineHPPct,10.0,data/import/Justinian_I.txt,18,"SiegeMachineHPPct +10"
"Justinian I (Awakened)","Specialty 1",SiegeMachineDefensePct,10.0,data/import/Justinian_I.txt,19,"SiegeMachineDefensePct +10"
"Justinian I (Awakened)","Specialty 2",EnemyTroopAttackPct,-10.0,data/import/Justinian_I.txt,22,"EnemyTroopAttackPct -10"
"King Arthur","Specialty 1",MountedAttackPct,10.0,data/import/King_Arthur.txt,39,"MountedAttackPct +10"
"King Arthur","Specialty 1",MountedDefensePct,10.0,data/import/King_Arthur.txt,40,"MountedDefensePct +10"
"King Arthur","Specialty 2",RangedTroopAttackPct,10.0,data/import/King_Arthur.txt,43,"RangedTroopAttackPct +10"
"King Arthur","Specialty 2",SiegeMachineAttackPct,10.0,data/import/King_Arthur.txt,44,"SiegeMachineAttackPct +10"
"King Arthur","Specialty 3",MainCityTroopDeathToSoulRatePct,10.0,data/import/King_Arthur.txt,47,"MainCityTroopDeathToSoulRatePct +10"
"King Arthur","Specialty 4",EnemyTroopAttackDebuffPct,-6.0,data/import/King_Arthur.txt,50,"EnemyTroopAttackDebuffPct -6"
"King Arthur","Specialty 4",MarchSizeCapacityPct,10.0,data/import/King_Arthur.txt,51,"MarchSizeCapacityPct +10"
Laudon,"Specialty 1 | Mounted Troop Defense",MountedHPPct,10.0,data/import/Laudon.txt,56,"MountedHPPct +10"
Laudon,"Specialty 1 | Mounted Troop Defense",MountedDefensePct,10.0,data/import/Laudon.txt,57,"MountedDefensePct +10"
Laudon,"Specialty 2 | Strike",MarchSpeedPct,10.0,data/import/Laudon.txt,61,"MarchSpeedPct +10"
Laudon,"Specialty 2 | Strike",AttackingMountedAttackPct,20.0,data/import/Laudon.txt,62,"AttackingMountedAttackPct +20"
Laudon,"Specialty 3 | Mounted Troop Ares",MountedAttackPct,10.0,data/import/Laudon.txt,66,"MountedAttackPct +10"
Laudon,"Specialty 3 | Mounted Troop Ares",MountedHPPct,10.0,data/import/Laudon.txt,67,"MountedHPPct +10"
Laudon,"Specialty 3 | Mounted Troop Ares",MountedDefensePct,10.0,data/import/Laudon.txt,68,"MountedDefensePct +10"
Laudon,"Specialty 4 | Field Marshal of Austria",MountedAttackPct,35.0,data/import/Laudon.txt,72,"MountedAttackPct +35"
Laudon,"Specialty 4 | Field Marshal of Austria",MountedDefensePct,25.0,data/import/Laudon.txt,73,"MountedDefensePct +25"
Laudon,"Specialty 4 | Field Marshal of Austria",MountedHPPct,15.0,data/import/Laudon.txt,74,"MountedHPPct +15"
"Leonidas I","Specialty 1 | Ground Troop Assault",GroundAttackPct,10.0,data/import/Leonidas_I.txt,59,"GroundAttackPct +10"
"Leonidas I","Specialty 1 | Ground Troop Assault",GroundHPPct,10.0,data/import/Leonidas_I.txt,60,"GroundHPPct +10"
"Leonidas I","Specialty 2 | Defensive",HospitalCapacityPct,10.0,data/import/Leonidas_I.txt,66,"HospitalCapacityPct +10"
"Leonidas I","Specialty 2 | Defensive",InCityGroundAttackPct,10.0,data/import/Leonidas_I.txt,67,"InCityGroundAttackPct +10"
"Leonidas I","Specialty 2 | Defensive",InCityMountedAttackPct,10.0,data/import/Leonidas_I.txt,68,"InCityMountedAttackPct +10"
"Leonidas I","Specialty 3 | Ground Troop Ares",GroundAttackPct,10.0,data/import/Leonidas_I.txt,75,"GroundAttackPct +10"
"Leonidas I","Specialty 3 | Ground Troop Ares",GroundHPPct,10.0,data/import/Leonidas_I.txt,76,"GroundHPPct +10"
"Leonidas I","Specialty 3 | Ground Troop Ares",GroundDefensePct,10.0,data/import/Leonidas_I.txt,77,"GroundDefensePct +10"
"Leonidas I","Specialty 4 | Battle of Thermopylae",GroundAttackPct,30.0,data/import/Leonidas_I.txt,83,"GroundAttackPct +30"
"Leonidas I","Specialty 4 | Battle of Thermopylae",EnemyMountedAttackPct,-30.0,data/import/Leonidas_I.txt,84,"EnemyMountedAttackPct -30"
"Louis IX","Specialty 1",RangedTroopAttackPct,10.0,data/import/Louis_IX.txt,36,"RangedTroopAttackPct +10"
"Louis IX","Specialty 1",RangedTroopDefensePct,10.0,data/import/Louis_IX.txt,37,"RangedTroopDefensePct +10"
"Louis IX","Specialty 2",MarchSizeCapacityPct,6.0,data/import/Louis_IX.txt,40,"MarchSizeCapacityPct +6"
"Louis IX","Specialty 2",AttackingSiegeMachineAndRangedTroopAttackPct,10.0,data/import/Louis_IX.txt,41,"AttackingSiegeMachineAndRangedTroopAttackPct +10"
"Louis IX","Specialty 3",RangedTroopAttackPct,10.0,data/import/Louis_IX.txt,44,"RangedTroopAttackPct +10"
"Louis IX","Specialty 3",RangedTroopHPPct,10.0,data/import/Louis_IX.txt,45,"RangedTroopHPPct +10"
"Louis IX","Specialty 3",RangedTroopDefensePct,10.0,data/import/Louis_IX.txt,46,"RangedTroopDefensePct +10"
"Louis IX","Specialty 4",RangedTroopAttackPct,40.0,data/import/Louis_IX.txt,49,"RangedTroopAttackPct +40"
"Louis IX","Specialty 4",RangedTroopDefensePct,20.0,data/import/Louis_IX.txt,50,"RangedTroopDefensePct +20"
"Louis IX","Specialty 4",RangedTroopHPPct,10.0,data/import/Louis_IX.txt,51,"RangedTroopHPPct +10"
"Louis IX","Specialty 4",SiegeMachineHPPct,10.0,data/import/Louis_IX.txt,52,"SiegeMachineHPPct +10"
"Marco Polo (Awakened)","Specialty 1",MountedAttackPct,10.0,data/import/Marco_Polo.txt,38,"MountedAttackPct +10"
"Marco Polo (Awakened)","Specialty 1",MountedDefensePct,10.0,data/import/Marco_Polo.txt,39,"MountedDefensePct +10"
"Marco Polo (Awakened)","Specialty 2",MarchSizeCapacityPct,6.0,data/import/Marco_Polo.txt,42,"MarchSizeCapacityPct +6"
"Marco Polo (Awakened)","Specialty 2",AttackingMountedAttackPct,10.0,data/import/Marco_Polo.txt,43,"AttackingMountedAttackPct +10"
"Marco Polo (Awakened)","Specialty 2",AttackingGroundAttackPct,10.0,data/import/Marco_Polo.txt,44,"AttackingGroundAttackPct +10"
"Marco Polo (Awakened)","Specialty 3",MountedAttackPct,10.0,data/import/Marco_Polo.txt,47,"MountedAttackPct +10"
"Marco Polo (Awakened)","Specialty 3",MountedHPPct,10.0,data/import/Marco_Polo.txt,48,"MountedHPPct +10"
"Marco Polo (Awakened)","Specialty 3",MountedDefensePct,10.0,data/import/Marco_Polo.txt,49,"MountedDefensePct +10"
"Marco Polo (Awakened)","Specialty 4",AttackingMountedAttackPct,50.0,data/import/Marco_Polo.txt,52,"AttackingMountedAttackPct +50"
"Marco Polo (Awakened)","Specialty 4",AttackingMountedHPPct,30.0,data/import/Marco_Polo.txt,53,"AttackingMountedHPPct +30"
"Marco Polo (Awakened)","Specialty 4",MarchSizeCapacityPct,15.0,data/import/Marco_Polo.txt,54,"MarchSizeCapacityPct +15"
"Margaret I","Specialty 1 | Ranged Troop Assault",RangedTroopAttackPct,10.0,data/import/Margaret_I.txt,60,"RangedTroopAttackPct +10"
"Margaret I","Specialty 1 | Ranged Troop Assault",RangedTroopHPPct,10.0,data/import/Margaret_I.txt,61,"RangedTroopHPPct +10"
"Margaret I","Specialty 2 | Pacify",MayorConstructionSpeedSubordinateCityPct,36.0,data/import/Margaret_I.txt,67,"SubordinateCityConstructionSpeedPct +36"
"Margaret I","Specialty 3 | King's Ambition",MainCityTroopDeathToSoulRatePct,10.0,data/import/Margaret_I.txt,71,"MainCityTroopDeathToSoulRatePct +10"
"Margaret I","Specialty 4 | Uncrowned Queen",EnemyMountedTroopAttackPct,-30.0,data/import/Margaret_I.txt,75,"EnemyMountedTroopAttackPct -30"
"Margaret I","Specialty 4 | Uncrowned Queen",EnemyMountedTroopHPPct,-30.0,data/import/Margaret_I.txt,76,"EnemyMountedTroopHPPct -30"
"Maria Theresa","Specialty 1 | Hunter",MonstersAttackPct,-15.0,data/import/Maria_Theresa.txt,51,"MonstersAttackPct -15"
"Maria Theresa","Specialty 2 | Strike",MarchSpeedPct,10.0,data/import/Maria_Theresa.txt,55,"MarchSpeedPct +10"
"Maria Theresa","Specialty 2 | Strike",AttackingMountedAttackPct,20.0,data/import/Maria_Theresa.txt,56,"AttackingMountedAttackPct +20"
"Maria Theresa","Specialty 3 | Mounted Troop Ares",MountedAttackPct,10.0,data/import/Maria_Theresa.txt,60,"MountedAttackPct +10"
"Maria Theresa","Specialty 3 | Mounted Troop Ares",MountedHPPct,10.0,data/import/Maria_Theresa.txt,61,"MountedHPPct +10"
"Maria Theresa","Specialty 3 | Mounted Troop Ares",MountedDefensePct,10.0,data/import/Maria_Theresa.txt,62,"MountedDefensePct +10"
"Maria Theresa","Specialty 4 | War of Succession",GroundAndMountedAttackOnMonstersPct,25.0,data/import/Maria_Theresa.txt,66,"GroundAndMountedAttackOnMonstersPct +25"
"Maria Theresa","Specialty 4 | War of Succession",GroundAndMountedDefenseOnMonstersPct,25.0,data/import/Maria_Theresa.txt,67,"GroundAndMountedDefenseOnMonstersPct +25"
"Maria Theresa","Specialty 4 | War of Succession",MarchSpeedPct,30.0,data/import/Maria_Theresa.txt,68,"MarchSpeedPct +30"
"Mark Antony","Specialty 1",GroundHPPct,10.0,data/import/Mark_Anthony.txt,43,"GroundHPPct +10"
"Mark Antony","Specialty 1",GroundDefensePct,10.0,data/import/Mark_Anthony.txt,44,"GroundDefensePct +10"
"Mark Antony","Specialty 2",EnemyTroopAttackPct,-10.0,data/import/Mark_Anthony.txt,47,"EnemyTroopAttackPct -10"
"Mark Antony","Specialty 3",EnemyWoundedToDeathWhenAttackingPct,10.0,data/import/Mark_Anthony.txt,50,"EnemyWoundedToDeathWhenAttackingPct +10"
"Mark Antony","Specialty 4",EnemyGroundTroopHPPct,-10.0,data/import/Mark_Anthony.txt,53,"EnemyGroundTroopHPPct -10"
"Mark Antony","Specialty 4",EnemyMountedTroopHPPct,-10.0,data/import/Mark_Anthony.txt,54,"EnemyMountedTroopHPPct -10"
"Mark Antony","Specialty 4",EnemyRangedTroopAttackPct,-30.0,data/import/Mark_Anthony.txt,55,"EnemyRangedTroopAttackPct -30"
"Matthias I","Specialty 1 | Siege Machine Assault",SiegeAttackPct,10.0,data/import/Matthaias_I.txt,57,"SiegeAttackPct +10"
"Matthias I","Specialty 1 | Siege Machine Assault",SiegeHPPct,10.0,data/import/Matthaias_I.txt,58,"SiegeHPPct +10"
"Matthias I","Specialty 2 | Bash",RangedAttackPct,10.0,data/import/Matthaias_I.txt,62,"RangedAttackPct +10"
"Matthias I","Specialty 2 | Bash",SiegeAttackPct,10.0,data/import/Matthaias_I.txt,63,"SiegeAttackPct +10"
"Matthias I","Specialty 3 | Siege Machine Ares",SiegeAttackPct,10.0,data/import/Matthaias_I.txt,67,"SiegeAttackPct +10"
"Matthias I","Specialty 3 | Siege Machine Ares",SiegeHPPct,10.0,data/import/Matthaias_I.txt,68,"SiegeHPPct +10"
"Matthias I","Specialty 3 | Siege Machine Ares",SiegeDefensePct,10.0,data/import/Matthaias_I.txt,69,"SiegeDefensePct +10"
"Matthias I","Specialty 4 | King of the Black Army",RangedAttackPct,20.0,data/import/Matthaias_I.txt,73,"RangedAttackPct +20"
"Matthias I","Specialty 4 | King of the Black Army",SiegeAttackPct,20.0,data/import/Matthaias_I.txt,74,"SiegeAttackPct +20"
"Maurice de Saxe","Specialty 1",SiegeMachineAttackPct,10.0,data/import/Maurice_de_Saxe.txt,37,"SiegeMachineAttackPct +10"
"Maurice de Saxe","Specialty 1",SiegeMachineDefensePct,10.0,data/import/Maurice_de_Saxe.txt,38,"SiegeMachineDefensePct +10"
"Maurice de Saxe","Specialty 2",AttackingSiegeMachineAndRangedTroopAttackPct,10.0,data/import/Maurice_de_Saxe.txt,41,"AttackingSiegeMachineAndRangedTroopAttackPct +10"
"Maurice de Saxe","Specialty 3",SiegeMachineAttackPct,10.0,data/import/Maurice_de_Saxe.txt,44,"SiegeMachineAttackPct +10"
"Maurice de Saxe","Specialty 3",SiegeMachineHPPct,10.0,data/import/Maurice_de_Saxe.txt,45,"SiegeMachineHPPct +10"
"Maurice de Saxe","Specialty 3",SiegeMachineDefensePct,10.0,data/import/Maurice_de_Saxe.txt,46,"SiegeMachineDefensePct +10"
"Maurice de Saxe","Specialty 4",SiegeMachineAttackPct,45.0,data/import/Maurice_de_Saxe.txt,49,"SiegeMachineAttackPct +45"
"Maurice de Saxe","Specialty 4",SiegeMachineDefensePct,30.0,data/import/Maurice_de_Saxe.txt,50,"SiegeMachineDefensePct +30"
"Maurice de Saxe","Specialty 4",SiegeMachineHPPct,30.0,data/import/Maurice_de_Saxe.txt,51,"SiegeMachineHPPct +30"
"Maurice of Nassau","Specialty 1",RangedTroopAttackPct,10.0,data/import/Maurice_of_Nassau.txt,48,"RangedTroopAttackPct +10"
"Maurice of Nassau","Specialty 1",RangedTroopHPPct,10.0,data/import/Maurice_of_Nassau.txt,49,"RangedTroopHPPct +10"
"Maurice of Nassau","Specialty 2",EnemyTroopDefensePct,-10.0,data/import/Maurice_of_Nassau.txt,52,"EnemyTroopDefensePct -10"
"Maurice of Nassau","Specialty 4",InCitySiegeMachineAttackPct,15.0,data/import/Maurice_of_Nassau.txt,59,"InCitySiegeMachineAttackPct +15"
"Maximilian II","Specialty 1 | Mounted Troop Assault",MountedAttackPct,10.0,data/import/Maximilian_II.txt,52,"MountedAttackPct +10"
"Maximilian II","Specialty 1 | Mounted Troop Assault",MountedHPPct,10.0,data/import/Maximilian_II.txt,53,"MountedHPPct +10"
"Maximilian II","Specialty 2 | Snipe",EnemyTroopAttackPct,-10.0,data/import/Maximilian_II.txt,57,"EnemyTroopAttackPct -10"
"Maximilian II","Specialty 3 | War God",AllTroopsAttackPct,6.0,data/import/Maximilian_II.txt,61,"AllTroopsAttackPct +6"
"Maximilian II","Specialty 4 | Battle of Guinegate",MountedAttackPct,30.0,data/import/Maximilian_II.txt,65,"MountedAttackPct +30"
"Maximilian II","Specialty 4 | Battle of Guinegate",EnemyRangedDefensePct,-30.0,data/import/Maximilian_II.txt,66,"EnemyRangedDefensePct -30"
"Michael VIII","Specialty 2",EnemyTroopDefensePct,-10.0,data/import/Michael_VIII.txt,52,"EnemyTroopDefensePct -10"
"Michael VIII","Specialty 3",InCityTroopAttackPct,10.0,data/import/Michael_VIII.txt,56,"InCityTroopAttackPct +10"
"Michael VIII","Specialty 4",MountedTroopAttackPct,15.0,data/import/Michael_VIII.txt,61,"MountedTroopAttackPct +15"
"Michael VIII","Specialty 4",MountedTroopDefensePct,15.0,data/import/Michael_VIII.txt,63,"MountedTroopDefensePct +15"
Mihai,"Specialty 1",RangedTroopAttackPct,10.0,data/import/Mihai.txt,18,"RangedTroopAttackPct +10"
Mihai,"Specialty 1",RangedTroopHPPct,10.0,data/import/Mihai.txt,19,"RangedTroopHPPct +10"
Mihai,"Specialty 2",RangedTroopAttackPct,10.0,data/import/Mihai.txt,22,"RangedTroopAttackPct +10"
Mihai,"Specialty 2",SiegeMachineAttackPct,10.0,data/import/Mihai.txt,23,"SiegeMachineAttackPct +10"
Mihai,"Specialty 3",RangedTroopAttackPct,10.0,data/import/Mihai.txt,26,"RangedTroopAttackPct +10"
Mihai,"Specialty 3",RangedTroopHPPct,10.0,data/import/Mihai.txt,27,"RangedTroopHPPct +10"
Mihai,"Specialty 3",RangedTroopDefensePct,10.0,data/import/Mihai.txt,28,"RangedTroopDefensePct +10"
Mihai,"Specialty 4",RangedTroopAttackPct,35.0,data/import/Mihai.txt,31,"RangedTroopAttackPct +35"
Mihai,"Specialty 4",RangedTroopDefensePct,40.0,data/import/Mihai.txt,32,"RangedTroopDefensePct +40"
Napoleon,"Specialty 1 | Siege Machine Assault",SiegeMachineAttackPct,10.0,data/import/Napoleon.txt,49,"SiegeMachineAttackPct +10"
Napoleon,"Specialty 1 | Siege Machine Assault",SiegeMachineHPPct,10.0,data/import/Napoleon.txt,50,"SiegeMachineHPPct +10"
Napoleon,"Specialty 2 | Siege",MarchSizeCapacityPct,6.0,data/import/Napoleon.txt,54,"MarchSizeCapacityPct +6"
Napoleon,"Specialty 2 | Siege",AttackingSiegeMachineAndRangedTroopAttackPct,10.0,data/import/Napoleon.txt,55,"AttackingSiegeMachineAndRangedTroopAttackPct +10"
Napoleon,"Specialty 3 | War God",AllTroopsAttackPct,6.0,data/import/Napoleon.txt,59,"AllTroopsAttackPct +6"
Napoleon,"Specialty 4 | Battle of Austerlitz",AttackingTroopsAttackPct,16.0,data/import/Napoleon.txt,63,"AttackingTroopsAttackPct +16"
Napoleon,"Specialty 4 | Battle of Austerlitz",MarchSizeCapacityPct,10.0,data/import/Napoleon.txt,64,"MarchSizeCapacityPct +10"
"Narses (Awakened)","Specialty 1",MountedTroopAttackPct,10.0,data/import/Narses.txt,41,"MountedTroopAttackPct +10"
"Narses (Awakened)","Specialty 1",MountedTroopHPPct,10.0,data/import/Narses.txt,42,"MountedTroopHPPct +10"
"Narses (Awakened)","Specialty 2",EnemyTroopAttackDebuffPct,-10.0,data/import/Narses.txt,45,"EnemyTroopAttackDebuffPct -10"
"Narses (Awakened)","Specialty 3",AllTroopsAttackPct,6.0,data/import/Narses.txt,48,"AllTroopsAttackPct +6"
"Narses (Awakened)","Specialty 4",EnemyGroundTroopAttackPct,-35.0,data/import/Narses.txt,51,"EnemyGroundTroopAttackPct -35"
"Narses (Awakened)","Specialty 4",EnemyGroundTroopDefensePct,-25.0,data/import/Narses.txt,52,"EnemyGroundTroopDefensePct -25"
"Narses (Awakened)","Specialty 4",EnemyMountedTroopDefensePct,-25.0,data/import/Narses.txt,53,"EnemyMountedTroopDefensePct -25"
"Narses (Awakened)","Specialty 4",EnemyGroundTroopHPPct,-25.0,data/import/Narses.txt,54,"EnemyGroundTroopHPPct -25"
"Narses (Awakened)","Specialty 4",EnemyMountedTroopHPPct,-25.0,data/import/Narses.txt,55,"EnemyMountedTroopHPPct -25"
Nero,"Specialty 1 | Mounted Troop Defense",MountedHPPct,10.0,data/import/Nero.txt,47,"MountedHPPct +10"
Nero,"Specialty 1 | Mounted Troop Defense",MountedDefensePct,10.0,data/import/Nero.txt,48,"MountedDefensePct +10"
Nero,"Specialty 2 | Sabotage",EnemyTroopDefensePct,-10.0,data/import/Nero.txt,52,"EnemyTroopDefensePct -10"
Nero,"Specialty 3 | Ruler",MayorTroopCapacitySubordinateCityPct,36.0,data/import/Nero.txt,56,"TroopCapacityInSubordinateCityPct +36"
Nero,"Specialty 4 | Bloody Emperor",EnemyTroopHPPct,-16.0,data/import/Nero.txt,60,"EnemyTroopHPPct -16"
"Otto the Great","Specialty 1",SiegeMachineHPPct,10.0,data/import/Otto_the_great.txt,41,"SiegeMachineHPPct +10"
"Otto the Great","Specialty 1",SiegeMachineDefensePct,10.0,data/import/Otto_the_great.txt,42,"SiegeMachineDefensePct +10"
"Otto the Great","Specialty 2",EnemyTroopDefensePct,-10.0,data/import/Otto_the_great.txt,46,"EnemyTroopDefensePct -10"
"Otto the Great","Specialty 3",InCitySiegeMachineAttackPct,10.0,data/import/Otto_the_great.txt,51,"InCitySiegeMachineAttackPct +10"
"Otto the Great","Specialty 4",InCitySiegeMachineAttackPct,20.0,data/import/Otto_the_great.txt,56,"InCitySiegeMachineAttackPct +20"
Pericles,"Specialty 1",SiegeMachineHPPct,10.0,data/import/Pericles.txt,39,"SiegeMachineHPPct +10"
Pericles,"Specialty 1",SiegeMachineDefensePct,10.0,data/import/Pericles.txt,40,"SiegeMachineDefensePct +10"
Pericles,"Specialty 2",EnemyTroopDefensePct,-10.0,data/import/Pericles.txt,43,"EnemyTroopDefensePct -10"
Pericles,"Specialty 3",HealingSpeedPct,20.0,data/import/Pericles.txt,46,"HealingSpeedPct +20"
Pericles,"Specialty 4",HealingSpeedPct,30.0,data/import/Pericles.txt,49,"HealingSpeedPct +30"
"Prince Eugene","Specialty 1",MountedTroopAttackPct,10.0,data/import/Prince_Eugene.txt,37,"MountedTroopAttackPct +10"
"Prince Eugene","Specialty 1",MountedTroopDefensePct,10.0,data/import/Prince_Eugene.txt,38,"MountedTroopDefensePct +10"
"Prince Eugene","Specialty 2",MarchSizeCapacityPct,6.0,data/import/Prince_Eugene.txt,41,"MarchSizeCapacityPct +6"
"Prince Eugene","Specialty 2",AttackingGroundAttackPct,10.0,data/import/Prince_Eugene.txt,43,"AttackingGroundAttackPct +10"
"Prince Eugene","Specialty 3",MountedTroopAttackPct,10.0,data/import/Prince_Eugene.txt,46,"MountedTroopAttackPct +10"
"Prince Eugene","Specialty 3",MountedTroopHPPct,10.0,data/import/Prince_Eugene.txt,47,"MountedTroopHPPct +10"
"Prince Eugene","Specialty 3",MountedTroopDefensePct,10.0,data/import/Prince_Eugene.txt,48,"MountedTroopDefensePct +10"
"Prince Eugene","Specialty 4",MountedTroopAttackPct,25.0,data/import/Prince_Eugene.txt,51,"MountedTroopAttackPct +25"
"Prince Eugene","Specialty 4",MountedTroopDefensePct,15.0,data/import/Prince_Eugene.txt,52,"MountedTroopDefensePct +15"
"Prince Eugene","Specialty 4",MountedTroopHPPct,15.0,data/import/Prince_Eugene.txt,53,"MountedTroopHPPct +15"
Pyrrhus,"Specialty 1",GroundHPPct,10.0,data/import/Pyrrhus.txt,39,"GroundHPPct +10"
Pyrrhus,"Specialty 1",GroundDefensePct,10.0,data/import/Pyrrhus.txt,40,"GroundDefensePct +10"
Pyrrhus,"Specialty 2",MarchSizeCapacityPct,6.0,data/import/Pyrrhus.txt,43,"MarchSizeCapacityPct +6"
Pyrrhus,"Specialty 2",AttackingMountedAttackPct,10.0,data/import/Pyrrhus.txt,44,"AttackingMountedAttackPct +10"
Pyrrhus,"Specialty 2",AttackingGroundAttackPct,10.0,data/import/Pyrrhus.txt,45,"AttackingGroundAttackPct +10"
Pyrrhus,"Specialty 3",GroundAttackPct,10.0,data/import/Pyrrhus.txt,48,"GroundAttackPct +10"
Pyrrhus,"Specialty 3",GroundHPPct,10.0,data/import/Pyrrhus.txt,49,"GroundHPPct +10"
Pyrrhus,"Specialty 3",GroundDefensePct,10.0,data/import/Pyrrhus.txt,50,"GroundDefensePct +10"
Pyrrhus,"Specialty 4",GroundAttackPct,35.0,data/import/Pyrrhus.txt,53,"GroundAttackPct +35"
Pyrrhus,"Specialty 4",GroundDefensePct,15.0,data/import/Pyrrhus.txt,54,"GroundDefensePct +15"
Pyrrhus,"Specialty 4",MountedDefensePct,15.0,data/import/Pyrrhus.txt,55,"MountedDefensePct +15"
Pyrrhus,"Specialty 4",GroundHPPct,15.0,data/import/Pyrrhus.txt,56,"GroundHPPct +15"
Pyrrhus,"Specialty 4",MountedHPPct,15.0,data/import/Pyrrhus.txt,57,"MountedHPPct +15"
"Queen Boudica","Specialty 1 | Mounted Troop Defense",MountedTroopHPPct,10.0,data/import/Queen_Boudica.txt,59,"MountedTroopHPPct +10"
"Queen Boudica","Specialty 1 | Mounted Troop Defense",MountedTroopDefensePct,10.0,data/import/Queen_Boudica.txt,60,"MountedTroopDefensePct +10"
"Queen Boudica","Specialty 2 | Defensive",HospitalCapacityPct,10.0,data/import/Queen_Boudica.txt,64,"HospitalCapacityPct +10"
"Queen Boudica","Specialty 2 | Defensive",InCityGroundTroopAttackPct,10.0,data/import/Queen_Boudica.txt,65,"InCityGroundTroopAttackPct +10"
"Queen Boudica","Specialty 2 | Defensive",InCityMountedTroopAttackPct,10.0,data/import/Queen_Boudica.txt,66,"InCityMountedTroopAttackPct +10"
"Queen Boudica","Specialty 3 | War God",AllTroopsAttackPct,6.0,data/import/Queen_Boudica.txt,70,"AllTroopsAttackPct +6"
"Queen Boudica","Specialty 4 | Battle of Watling Street",InCityMountedTroopAttackPct,46.0,data/import/Queen_Boudica.txt,74,"InCityMountedTroopAttackPct +46"
"Queen Boudica","Specialty 4 | Battle of Watling Street",InCityMountedTroopHPPct,46.0,data/import/Queen_Boudica.txt,75,"InCityMountedTroopHPPct +46"
"Queen Victoria","Specialty 2 | Fortification",InCityTroopAttackPct,6.0,data/import/Queen_Victoria.txt,64,"InCityTroopAttackPct +6"
Raimondo,"Specialty 1",SiegeMachineAttackPct,10.0,data/import/Raimondo.txt,36,"SiegeMachineAttackPct +10"
Raimondo,"Specialty 1",SiegeMachineDefensePct,10.0,data/import/Raimondo.txt,37,"SiegeMachineDefensePct +10"
Raimondo,"Specialty 2",MarchSizeCapacityPct,6.0,data/import/Raimondo.txt,40,"MarchSizeCapacityPct +6"
Raimondo,"Specialty 2",AttackingSiegeMachineAndRangedTroopAttackPct,10.0,data/import/Raimondo.txt,41,"AttackingSiegeMachineAndRangedTroopAttackPct +10"
Raimondo,"Specialty 3",SiegeMachineAttackPct,10.0,data/import/Raimondo.txt,44,"SiegeMachineAttackPct +10"
Raimondo,"Specialty 3",SiegeMachineHPPct,10.0,data/import/Raimondo.txt,45,"SiegeMachineHPPct +10"
Raimondo,"Specialty 3",SiegeMachineDefensePct,10.0,data/import/Raimondo.txt,46,"SiegeMachineDefensePct +10"
Raimondo,"Specialty 4",SiegeMachineAttackPct,40.0,data/import/Raimondo.txt,49,"SiegeMachineAttackPct +40"
Raimondo,"Specialty 4",SiegeMachineDefensePct,25.0,data/import/Raimondo.txt,50,"SiegeMachineDefensePct +25"
"Richard the Lionheart","Specialty 1 | Siege Machine Defense",SiegeMachineHPPct,10.0,data/import/Lionheart.txt,44,"SiegeMachineHPPct +10"
"Richard the Lionheart","Specialty 1 | Siege Machine Defense",SiegeMachineDefensePct,10.0,data/import/Lionheart.txt,45,"SiegeMachineDefensePct +10"
"Richard the Lionheart","Specialty 2 | Defensive",HospitalCapacityPct,10.0,data/import/Lionheart.txt,49,"HospitalCapacityPct +10"
"Richard the Lionheart","Specialty 2 | Defensive",InCityGroundAttackPct,10.0,data/import/Lionheart.txt,50,"InCityGroundAttackPct +10"
"Richard the Lionheart","Specialty 2 | Defensive",InCityMountedAttackPct,10.0,data/import/Lionheart.txt,51,"InCityMountedAttackPct +10"
"Richard the Lionheart","Specialty 3 | Siege Machine Ares",SiegeMachineAttackPct,10.0,data/import/Lionheart.txt,55,"SiegeMachineAttackPct +10"
"Richard the Lionheart","Specialty 3 | Siege Machine Ares",SiegeMachineHPPct,10.0,data/import/Lionheart.txt,56,"SiegeMachineHPPct +10"
"Richard the Lionheart","Specialty 3 | Siege Machine Ares",SiegeMachineDefensePct,10.0,data/import/Lionheart.txt,57,"SiegeMachineDefensePct +10"
"Richard the Lionheart","Specialty 4 | Battle of Arsuf",HospitalCapacityPct,36.0,data/import/Lionheart.txt,61,"HospitalCapacityPct +36"
"Robert Guiscard","Specialty 1 | Mounted Troop Assault",MountedAttackPct,10.0,data/import/Robert_Guiscard.txt,53,"MountedAttackPct +10"
"Robert Guiscard","Specialty 1 | Mounted Troop Assault",MountedHPPct,10.0,data/import/Robert_Guiscard.txt,54,"MountedHPPct +10"
"Robert Guiscard","Specialty 2 | Annihilation",MarchSizePct,6.0,data/import/Robert_Guiscard.txt,58,"MarchSizePct +6"
"Robert Guiscard","Specialty 2 | Annihilation",MountedAttackPct,10.0,data/import/Robert_Guiscard.txt,59,"MountedAttackPct +10"
"Robert Guiscard","Specialty 2 | Annihilation",GroundAttackPct,10.0,data/import/Robert_Guiscard.txt,60,"GroundAttackPct +10"
"Robert Guiscard","Specialty 3 | Mounted Troop Ares",MountedAttackPct,10.0,data/import/Robert_Guiscard.txt,64,"MountedAttackPct +10"
"Robert Guiscard","Specialty 3 | Mounted Troop Ares",MountedHPPct,10.0,data/import/Robert_Guiscard.txt,65,"MountedHPPct +10"
"Robert Guiscard","Specialty 3 | Mounted Troop Ares",MountedDefensePct,10.0,data/import/Robert_Guiscard.txt,66,"MountedDefensePct +10"
"Robert Guiscard","Specialty 4 | Battle of Dyrrhachium",GroundAttackPct,10.0,data/import/Robert_Guiscard.txt,70,"GroundAttackPct +10"
"Robert Guiscard","Specialty 4 | Battle of Dyrrhachium",MountedAttackPct,10.0,data/import/Robert_Guiscard.txt,71,"MountedAttackPct +10"
"Robert Guiscard","Specialty 4 | Battle of Dyrrhachium",GroundDefensePct,10.0,data/import/Robert_Guiscard.txt,72,"GroundDefensePct +10"
"Robert Guiscard","Specialty 4 | Battle of Dyrrhachium",MountedDefensePct,10.0,data/import/Robert_Guiscard.txt,73,"MountedDefensePct +10"
"Robert Guiscard","Specialty 4 | Battle of Dyrrhachium",GroundHPPct,10.0,data/import/Robert_Guiscard.txt,74,"GroundHPPct +10"
"Robert Guiscard","Specialty 4 | Battle of Dyrrhachium",MountedHPPct,10.0,data/import/Robert_Guiscard.txt,75,"MountedHPPct +10"
"Robert the Bruce","Specialty 1 | Ground Troop Assault",GroundAttackPct,10.0,data/import/Robert_the_Bruce.txt,54,"GroundAttackPct +10"
"Robert the Bruce","Specialty 1 | Ground Troop Assault",GroundHPPct,10.0,data/import/Robert_the_Bruce.txt,55,"GroundHPPct +10"
"Robert the Bruce","Specialty 2 | Formation",GroundAttackPct,10.0,data/import/Robert_the_Bruce.txt,59,"GroundAttackPct +10"
"Robert the Bruce","Specialty 2 | Formation",MountedAttackPct,10.0,data/import/Robert_the_Bruce.txt,60,"MountedAttackPct +10"
"Robert the Bruce","Specialty 3 | War God",AllTroopsAttackPct,6.0,data/import/Robert_the_Bruce.txt,64,"AllTroopsAttackPct +6"
"Robert the Bruce","Specialty 4 | Battle of Bannockburn",InCityGroundAttackPct,25.0,data/import/Robert_the_Bruce.txt,68,"InCityGroundAttackPct +25"
"Robert the Bruce","Specialty 4 | Battle of Bannockburn",InCityMountedAttackPct,25.0,data/import/Robert_the_Bruce.txt,69,"InCityMountedAttackPct +25"
"Robert the Bruce","Specialty 4 | Battle of Bannockburn",InCityGroundHPPct,25.0,data/import/Robert_the_Bruce.txt,70,"InCityGroundHPPct +25"
"Robert the Bruce","Specialty 4 | Battle of Bannockburn",InCityMountedHPPct,25.0,data/import/Robert_the_Bruce.txt,71,"InCityMountedHPPct +25"
"Roger II","Specialty 1",SiegeMachineAttackPct,10.0,data/import/Roger_II.txt,44,"SiegeMachineAttackPct +10"
"Roger II","Specialty 1",SiegeMachineDefensePct,10.0,data/import/Roger_II.txt,45,"SiegeMachineDefensePct +10"
"Roger II","Specialty 2",RangedTroopAttackPct,10.0,data/import/Roger_II.txt,48,"RangedTroopAttackPct +10"
"Roger II","Specialty 2",SiegeMachineAttackPct,10.0,data/import/Roger_II.txt,49,"SiegeMachineAttackPct +10"
Roland,"Specialty 1 | Mounted Troop Formation (Max Level Attributes)",MountedAttackPct,10.0,data/import/Roland.txt,52,"MountedAttackPct +10"
Roland,"Specialty 1 | Mounted Troop Formation (Max Level Attributes)",MountedDefensePct,10.0,data/import/Roland.txt,53,"MountedDefensePct +10"
Roland,"Specialty 2 | Annihilation (Max Level Attributes)",MarchSizeCapacityPct,6.0,data/import/Roland.txt,57,"MarchSizeCapacityPct +6"
Roland,"Specialty 2 | Annihilation (Max Level Attributes)",AttackingMountedAttackPct,10.0,data/import/Roland.txt,58,"AttackingMountedAttackPct +10"
Roland,"Specialty 2 | Annihilation (Max Level Attributes)",AttackingGroundAttackPct,10.0,data/import/Roland.txt,59,"AttackingGroundAttackPct +10"
Roland,"Specialty 3 | Mounted Troop Ares (Max Level Attributes)",MountedAttackPct,10.0,data/import/Roland.txt,63,"MountedAttackPct +10"
Roland,"Specialty 3 | Mounted Troop Ares (Max Level Attributes)",MountedHPPct,10.0,data/import/Roland.txt,64,"MountedHPPct +10"
Roland,"Specialty 3 | Mounted Troop Ares (Max Level Attributes)",MountedDefensePct,10.0,data/import/Roland.txt,65,"MountedDefensePct +10"
Roland,"Specialty 4 | Paladin (Max Level Attributes)",MountedAttackPct,25.0,data/import/Roland.txt,69,"MountedAttackPct +25"
Roland,"Specialty 4 | Paladin (Max Level Attributes)",EnemyRangedAttackPct,-20.0,data/import/Roland.txt,70,"EnemyRangedAttackPct -20"
Sappho,"Specialty 1",GroundHPPct,10.0,data/import/Sappho.txt,46,"GroundHPPct +10"
Sappho,"Specialty 1",GroundDefensePct,10.0,data/import/Sappho.txt,47,"GroundDefensePct +10"
Sappho,"Specialty 2",GroundAttackPct,10.0,data/import/Sappho.txt,50,"GroundAttackPct +10"
Sappho,"Specialty 2",MountedTroopAttackPct,10.0,data/import/Sappho.txt,51,"MountedTroopAttackPct +10"
Sappho,"Specialty 3",AllTroopsAttackPct,6.0,data/import/Sappho.txt,54,"AllTroopsAttackPct +6"
Sappho,"Specialty 4",SiegeMachineAttackPct,30.0,data/import/Sappho.txt,57,"SiegeMachineAttackPct +30"
Sappho,"Specialty 4",SiegeMachineDefensePct,20.0,data/import/Sappho.txt,58,"SiegeMachineDefensePct +20"
"Scipio Africanus","Specialty 1 | Ground Troop Assault",GroundAttackPct,10.0,data/import/Scipio_Africanus.txt,61,"GroundAttackPct +10"
"Scipio Africanus","Specialty 1 | Ground Troop Assault",GroundHPPct,10.0,data/import/Scipio_Africanus.txt,62,"GroundHPPct +10"
"Scipio Africanus","Specialty 2 | Annihilation",MarchSizePct,6.0,data/import/Scipio_Africanus.txt,66,"MarchSizePct +6"
"Scipio Africanus","Specialty 2 | Annihilation",MountedAttackPct,10.0,data/import/Scipio_Africanus.txt,67,"MountedAttackPct +10"
"Scipio Africanus","Specialty 2 | Annihilation",GroundAttackPct,10.0,data/import/Scipio_Africanus.txt,68,"GroundAttackPct +10"
"Scipio Africanus","Specialty 3 | Ground Troop Ares",GroundAttackPct,10.0,data/import/Scipio_Africanus.txt,72,"GroundAttackPct +10"
"Scipio Africanus","Specialty 3 | Ground Troop Ares",GroundHPPct,10.0,data/import/Scipio_Africanus.txt,73,"GroundHPPct +10"
"Scipio Africanus","Specialty 3 | Ground Troop Ares",GroundDefensePct,10.0,data/import/Scipio_Africanus.txt,74,"GroundDefensePct +10"
"Scipio Africanus","Specialty 4 | Battle of Zama",GroundHPPct,26.0,data/import/Scipio_Africanus.txt,78,"GroundHPPct +26"
"Scipio Africanus","Specialty 4 | Battle of Zama",GroundDefensePct,26.0,data/import/Scipio_Africanus.txt,79,"GroundDefensePct +26"
"Scipio Africanus","Specialty 4 | Battle of Zama",AttackingTroopDeathToWoundedRatePct,10.0,data/import/Scipio_Africanus.txt,80,"AttackingTroopDeathToWoundedRatePct +10"
"Septimius Severus","Specialty 1",SiegeMachineAttackPct,10.0,data/import/Septimius_Severus.txt,35,"SiegeMachineAttackPct +10"
"Septimius Severus","Specialty 1",SiegeMachineDefensePct,10.0,data/import/Septimius_Severus.txt,36,"SiegeMachineDefensePct +10"
"Septimius Severus","Specialty 2",MarchSizeCapacityPct,6.0,data/import/Septimius_Severus.txt,39,"MarchSizeCapacityPct +6"
"Septimius Severus","Specialty 2",AttackingSiegeMachineAndRangedTroopAttackPct,10.0,data/import/Septimius_Severus.txt,40,"AttackingSiegeMachineAndRangedTroopAttackPct +10"
"Septimius Severus","Specialty 3",SiegeMachineAttackPct,10.0,data/import/Septimius_Severus.txt,43,"SiegeMachineAttackPct +10"
"Septimius Severus","Specialty 3",SiegeMachineHPPct,10.0,data/import/Septimius_Severus.txt,44,"SiegeMachineHPPct +10"
"Septimius Severus","Specialty 3",SiegeMachineDefensePct,10.0,data/import/Septimius_Severus.txt,45,"SiegeMachineDefensePct +10"
"Septimius Severus","Specialty 4",SiegeMachineAttackPct,30.0,data/import/Septimius_Severus.txt,48,"SiegeMachineAttackPct +30"
"Septimius Severus","Specialty 4",SiegeMachineDefensePct,20.0,data/import/Septimius_Severus.txt,49,"SiegeMachineDefensePct +20"
"Simeon the Great","Specialty 1 | Ranged Troop Formation",RangedAttackPct,10.0,data/import/Simeon_the_Great.txt,52,"RangedAttackPct +10"
"Simeon the Great","Specialty 1 | Ranged Troop Formation",RangedDefensePct,10.0,data/import/Simeon_the_Great.txt,53,"RangedDefensePct +10"
"Simeon the Great","Specialty 2 | Siege",MarchSizePct,6.0,data/import/Simeon_the_Great.txt,57,"MarchSizePct +6"
"Simeon the Great","Specialty 2 | Siege",SiegeAttackPct,10.0,data/import/Simeon_the_Great.txt,58,"SiegeAttackPct +10"
"Simeon the Great","Specialty 2 | Siege",RangedAttackPct,10.0,data/import/Simeon_the_Great.txt,59,"RangedAttackPct +10"
"Simeon the Great","Specialty 3 | War God",AllTroopsAttackPct,6.0,data/import/Simeon_the_Great.txt,63,"AllTroopsAttackPct +6"
"Simeon the Great","Specialty 4 | Battle of Achelous",RangedAttackPct,35.0,data/import/Simeon_the_Great.txt,67,"RangedAttackPct +35"
"Simeon the Great","Specialty 4 | Battle of Achelous",RangedDefensePct,35.0,data/import/Simeon_the_Great.txt,68,"RangedDefensePct +35"
Skanderbeg,"Specialty 1 | Mounted Troop Formation",MountedAttackPct,10.0,data/import/Skanderbeg.txt,56,"MountedAttackPct +10"
Skanderbeg,"Specialty 1 | Mounted Troop Formation",MountedDefensePct,10.0,data/import/Skanderbeg.txt,57,"MountedDefensePct +10"
Skanderbeg,"Specialty 2 | Snipe",EnemyTroopAttackPct,-10.0,data/import/Skanderbeg.txt,63,"EnemyTroopAttackPct -10"
Skanderbeg,"Specialty 4 | Siege of Krujë",HospitalCapacityPct,10.0,data/import/Skanderbeg.txt,75,"HospitalCapacityPct +10  (Applied to Hospital Officer)"
Soult,"Specialty 1",GroundAttackPct,10.0,data/import/Soult.txt,38,"GroundAttackPct +10"
Soult,"Specialty 1",GroundHPPct,10.0,data/import/Soult.txt,39,"GroundHPPct +10"
Soult,"Specialty 2",GroundAttackPct,10.0,data/import/Soult.txt,42,"GroundAttackPct +10"
Soult,"Specialty 2",MountedAttackPct,10.0,data/import/Soult.txt,43,"MountedAttackPct +10"
Soult,"Specialty 3",GroundAttackPct,10.0,data/import/Soult.txt,46,"GroundAttackPct +10"
Soult,"Specialty 3",GroundHPPct,10.0,data/import/Soult.txt,47,"GroundHPPct +10"
Soult,"Specialty 3",GroundDefensePct,10.0,data/import/Soult.txt,48,"GroundDefensePct +10"
Soult,"Specialty 4",GroundAttackPct,30.0,data/import/Soult.txt,51,"GroundAttackPct +30"
Soult,"Specialty 4",GroundDefensePct,15.0,data/import/Soult.txt,52,"GroundDefensePct +15"
Soult,"Specialty 4",GroundHPPct,15.0,data/import/Soult.txt,53,"GroundHPPct +15"
"Stephen the Great","Specialty 1 | Ranged Troop Formation",RangedTroopAttackPct,10.0,data/import/Stephen_the_Great.txt,21,"RangedTroopAttackPct +10"
"Stephen the Great","Specialty 1 | Ranged Troop Formation",RangedTroopDefensePct,10.0,data/import/Stephen_the_Great.txt,22,"RangedTroopDefensePct +10"
"Stephen the Great","Specialty 2 | Snipe",EnemyTroopAttackPct,-10.0,data/import/Stephen_the_Great.txt,26,"EnemyTroopAttackPct -10"
"Stephen the Great","Specialty 4 | Battle of Vaslui",EnemyRangedTroopAttackPct,-20.0,data/import/Stephen_the_Great.txt,38,"EnemyRangedTroopAttackPct -20"
"Stephen the Great","Specialty 4 | Battle of Vaslui",EnemySiegeMachineAttackPct,-20.0,data/import/Stephen_the_Great.txt,39,"EnemySiegeMachineAttackPct -20"
Stilicho,"Specialty 1",MountedTroopHPPct,10.0,data/import/Stilicho.txt,37,"MountedTroopHPPct +10"
Stilicho,"Specialty 1",MountedTroopDefensePct,10.0,data/import/Stilicho.txt,38,"MountedTroopDefensePct +10"
Stilicho,"Specialty 2",GroundAttackPct,10.0,data/import/Stilicho.txt,41,"GroundAttackPct +10"
Stilicho,"Specialty 2",MountedAttackPct,10.0,data/import/Stilicho.txt,42,"MountedAttackPct +10"
Stilicho,"Specialty 3",MountedTroopTrainingCapacityPct,20.0,data/import/Stilicho.txt,46,"MountedTroopTrainingCapacityPct +20"
Stilicho,"Specialty 4",MountedTroopAttackPct,20.0,data/import/Stilicho.txt,50,"MountedTroopAttackPct +20"
Sulla,"Specialty 1",RangedTroopAttackPct,10.0,data/import/Sulla.txt,37,"RangedTroopAttackPct +10"
Sulla,"Specialty 1",RangedTroopDefensePct,10.0,data/import/Sulla.txt,38,"RangedTroopDefensePct +10"
Sulla,"Specialty 2",RangedTroopAttackPct,10.0,data/import/Sulla.txt,41,"RangedTroopAttackPct +10"
Sulla,"Specialty 2",SiegeMachineAttackPct,10.0,data/import/Sulla.txt,42,"SiegeMachineAttackPct +10"
Sulla,"Specialty 3",RangedTrainingSpeedPct,20.0,data/import/Sulla.txt,45,"RangedTrainingSpeedPct +20"
Sulla,"Specialty 3",RangedTrainingCapacityPct,20.0,data/import/Sulla.txt,46,"RangedTrainingCapacityPct +20"
Sulla,"Specialty 4",RangedTrainingSpeedPct,30.0,data/import/Sulla.txt,49,"RangedTrainingSpeedPct +30"
Sulla,"Specialty 4",RangedTroopAttackPct,20.0,data/import/Sulla.txt,50,"RangedTroopAttackPct +20"
"Sweyn Forkbeard","Specialty 1",GroundHPPct,10.0,data/import/Sweyn_Forkbeard.txt,20,"GroundHPPct +10"
"Sweyn Forkbeard","Specialty 1",GroundDefensePct,10.0,data/import/Sweyn_Forkbeard.txt,21,"GroundDefensePct +10"
"Sweyn Forkbeard","Specialty 2",GroundAttackPct,10.0,data/import/Sweyn_Forkbeard.txt,27,"GroundAttackPct +10"
"Sweyn Forkbeard","Specialty 2",MountedAttackPct,10.0,data/import/Sweyn_Forkbeard.txt,28,"MountedAttackPct +10"
"Sweyn Forkbeard","Specialty 3",GroundAttackPct,10.0,data/import/Sweyn_Forkbeard.txt,34,"GroundAttackPct +10"
"Sweyn Forkbeard","Specialty 3",GroundHPPct,10.0,data/import/Sweyn_Forkbeard.txt,35,"GroundHPPct +10"
"Sweyn Forkbeard","Specialty 3",GroundDefensePct,10.0,data/import/Sweyn_Forkbeard.txt,36,"GroundDefensePct +10"
"Sweyn Forkbeard","Specialty 4",GroundAttackPct,40.0,data/import/Sweyn_Forkbeard.txt,42,"GroundAttackPct +40"
"Sweyn Forkbeard","Specialty 4",MountedAttackPct,40.0,data/import/Sweyn_Forkbeard.txt,43,"MountedAttackPct +40"
"Sweyn Forkbeard","Specialty 4",GroundDefensePct,15.0,data/import/Sweyn_Forkbeard.txt,44,"GroundDefensePct +15"
Themistocles,"Specialty 1",RangedTroopAttackPct,10.0,data/import/Themistocles.txt,47,"RangedTroopAttackPct +10"
Themistocles,"Specialty 1",RangedTroopDefensePct,10.0,data/import/Themistocles.txt,48,"RangedTroopDefensePct +10"
Themistocles,"Specialty 2",RangedTroopAttackPct,10.0,data/import/Themistocles.txt,51,"RangedTroopAttackPct +10"
Themistocles,"Specialty 2",SiegeMachineAttackPct,10.0,data/import/Themistocles.txt,52,"SiegeMachineAttackPct +10"
Themistocles,"Specialty 3",RangedAttackPct,100.0,data/import/Themistocles.txt,56,"RangedAttackPct +100"
Themistocles,"Specialty 4",InCitySiegeMachineAttackPct,40.0,data/import/Themistocles.txt,60,"InCitySiegeMachineAttackPct +40"
Theodora,"Specialty 4 | Partner of Justinian",AttackingGroundAttackPct,15.0,data/import/Theodora.txt,105,"AttackingGroundAttackPct +15"
Theodora,"Specialty 4 | Partner of Justinian",AttackingMountedAttackPct,15.0,data/import/Theodora.txt,106,"AttackingMountedAttackPct +15"
Turenne,"Specialty 1",GroundAttackPct,10.0,data/import/Turenne.txt,35,"GroundAttackPct +10"
Turenne,"Specialty 1",GroundHPPct,10.0,data/import/Turenne.txt,36,"GroundHPPct +10"
Turenne,"Specialty 2",GroundAttackPct,10.0,data/import/Turenne.txt,39,"GroundAttackPct +10"
Turenne,"Specialty 2",MountedAttackPct,10.0,data/import/Turenne.txt,40,"MountedAttackPct +10"
Turenne,"Specialty 3",GroundAttackPct,10.0,data/import/Turenne.txt,43,"GroundAttackPct +10"
Turenne,"Specialty 3",GroundHPPct,10.0,data/import/Turenne.txt,44,"GroundHPPct +10"
Turenne,"Specialty 3",GroundDefensePct,10.0,data/import/Turenne.txt,45,"GroundDefensePct +10"
Turenne,"Specialty 4",GroundAttackPct,30.0,data/import/Turenne.txt,48,"GroundAttackPct +30"
Turenne,"Specialty 4",GroundDefensePct,25.0,data/import/Turenne.txt,49,"GroundDefensePct +25"
Turenne,"Specialty 4",GroundHPPct,20.0,data/import/Turenne.txt,50,"GroundHPPct +20"
"William Wallace","Specialty 1 | Siege Machine Assault",SiegeMachineAttackPct,10.0,data/import/William_Wallace.txt,48,"SiegeMachineAttackPct +10"
"William Wallace","Specialty 1 | Siege Machine Assault",SiegeMachineHPPct,10.0,data/import/William_Wallace.txt,49,"SiegeMachineHPPct +10"
"William Wallace","Specialty 2 | Bash",RangedAttackPct,10.0,data/import/William_Wallace.txt,53,"RangedAttackPct +10"
"William Wallace","Specialty 2 | Bash",SiegeMachineAttackPct,10.0,data/import/William_Wallace.txt,54,"SiegeMachineAttackPct +10"
"William Wallace","Specialty 3 | Iron Warrior",EnemyWoundedToDeathWhenAttackingPct,10.0,data/import/William_Wallace.txt,58,"EnemyWoundedToDeathWhenAttackingPct +10"
"William Wallace","Specialty 4 | Battle of Stirling Bridge",SiegeMachineAttackPct,26.0,data/import/William_Wallace.txt,62,"SiegeMachineAttackPct +26"
"William Wallace","Specialty 4 | Battle of Stirling Bridge",SiegeMachineHPPct,26.0,data/import/William_Wallace.txt,63,"SiegeMachineHPPct +26"
Zizka,"Specialty 1 | Siege Machine Defense",SiegeMachineHPPct,10.0,data/import/Zizka.txt,23,"SiegeMachineHPPct +10"
Zizka,"Specialty 1 | Siege Machine Defense",SiegeMachineDefensePct,10.0,data/import/Zizka.txt,24,"SiegeMachineDefensePct +10"
Zizka,"Specialty 2 | Sabotage",EnemyTroopDefensePct,-10.0,data/import/Zizka.txt,28,"EnemyTroopDefensePct -10"
Zizka,"Specialty 3 | War God",AllTroopsAttackPct,6.0,data/import/Zizka.txt,32,"AllTroopsAttackPct +6"
Zizka,"Specialty 4 | Wagenburg Tactics",EnemyRangedTroopAttackPct,-30.0,data/import/Zizka.txt,36,"EnemyRangedTroopAttackPct -30"
Zizka,"Specialty 4 | Wagenburg Tactics",EnemySiegeMachineAttackPct,-30.0,data/import/Zizka.txt,37,"EnemySiegeMachineAttackPct -30"
Zizka,"Specialty 4 | Wagenburg Tactics",EnemyRangedTroopDefensePct,-20.0,data/import/Zizka.txt,38,"EnemyRangedTroopDefensePct -20"
Zizka,"Specialty 4 | Wagenburg Tactics",EnemyRangedTroopHPPct,-20.0,data/import/Zizka.txt,39,"EnemyRangedTroopHPPct -20"
