AfterGatheringFromWorldMapResourceSpotResourcesGatheringAmountPct	Constance I	BaseSkill	Queen of Sicily		20.0	data/import/Constance_I.txt	11
AttackingDeathToWoundedRatePct	Andrew Jackson	Specialty	SPECIALTY 4	5	6.0	data/import/Andrew_Jackson.txt	48
AttackingDeathToWoundedRatePct	Andrew Jackson	Specialty	SPECIALTY 4	1	1.0	data/import/Andrew_Jackson.txt	48
AttackingDeathToWoundedRatePct	Andrew Jackson	Specialty	SPECIALTY 4	2	1.0	data/import/Andrew_Jackson.txt	48
AttackingDeathToWoundedRatePct	Andrew Jackson	Specialty	SPECIALTY 4	3	1.0	data/import/Andrew_Jackson.txt	48
AttackingDeathToWoundedRatePct	Andrew Jackson	Specialty	SPECIALTY 4	4	1.0	data/import/Andrew_Jackson.txt	48
AttackingDeathToWoundedRatePct	Andrew Jackson	Specialty	SPECIALTY 4	5	2.0	data/import/Andrew_Jackson.txt	48
AttackingEnemyWoundedIntoDeathPct	Gunther	Covenant	COVENANT | War		5.0	data/import/Gunther.txt	61
AttackingEnemyWoundedIntoDeathPct	Gunther	Covenant	COVENANT 1		5.0	data/import/Gunther.txt	61
AttackingEnemyWoundedIntoDeathPct	Raged King	Specialty	Specialty 2	5	10.0	data/import/Raged_King.txt	35
AttackingEnemyWoundedIntoDeathPct	Raged King	Specialty	Specialty 2	1	1.0	data/import/Raged_King.txt	35
AttackingEnemyWoundedIntoDeathPct	Raged King	Specialty	Specialty 2	2	1.0	data/import/Raged_King.txt	35
AttackingEnemyWoundedIntoDeathPct	Raged King	Specialty	Specialty 2	3	2.0	data/import/Raged_King.txt	35
AttackingEnemyWoundedIntoDeathPct	Raged King	Specialty	Specialty 2	4	2.0	data/import/Raged_King.txt	35
AttackingEnemyWoundedIntoDeathPct	Raged King	Specialty	Specialty 2	5	4.0	data/import/Raged_King.txt	35
AttackingEnemyWoundedIntoDeathPct	Raged King	Specialty	SPECIALTY 2	5	10.0	data/import/Raged_King.txt	35
AttackingEnemyWoundedIntoDeathRatePct	Andrew Jackson	Specialty	SPECIALTY 3	5	10.0	data/import/Andrew_Jackson.txt	44
AttackingEnemyWoundedIntoDeathRatePct	Andrew Jackson	Specialty	SPECIALTY 3	1	1.0	data/import/Andrew_Jackson.txt	44
AttackingEnemyWoundedIntoDeathRatePct	Andrew Jackson	Specialty	SPECIALTY 3	2	1.0	data/import/Andrew_Jackson.txt	44
AttackingEnemyWoundedIntoDeathRatePct	Andrew Jackson	Specialty	SPECIALTY 3	3	2.0	data/import/Andrew_Jackson.txt	44
AttackingEnemyWoundedIntoDeathRatePct	Andrew Jackson	Specialty	SPECIALTY 3	4	2.0	data/import/Andrew_Jackson.txt	44
AttackingEnemyWoundedIntoDeathRatePct	Andrew Jackson	Specialty	SPECIALTY 3	5	4.0	data/import/Andrew_Jackson.txt	44
AttackingEnemyWoundedIntoDeathRatePct	Frigg	Covenant	COVENANT | War		5.0	data/import/Frigg.txt	56
AttackingEnemyWoundedIntoDeathRatePct	Frigg	Covenant	COVENANT 1		5.0	data/import/Frigg.txt	56
AttackingEnemyWoundedIntoDeathRatePct	Lorenzo de’ Medici	Covenant	COVENANT | Peace		10.0	data/import/Lorenzo_de_Medici.txt	63
AttackingEnemyWoundedIntoDeathRatePct	Lorenzo de’ Medici	Covenant	COVENANT 3		10.0	data/import/Lorenzo_de_Medici.txt	63
AttackingEnemyWoundedIntoDeathRatePct	Xiang Yu	Specialty	Specialty 3		10.0	data/import/Xiang_Yu.txt	21
AttackingEnemyWoundedIntoDeathRatePct	Xiang Yu	Specialty	Specialty 3	5	10.0	data/import/Xiang_Yu.txt	21
AttackingEnemyWoundedIntoDeathRatePct	Xiang Yu	Specialty	Specialty 3	1	1.0	data/import/Xiang_Yu.txt	21
AttackingEnemyWoundedIntoDeathRatePct	Xiang Yu	Specialty	Specialty 3	2	1.0	data/import/Xiang_Yu.txt	21
AttackingEnemyWoundedIntoDeathRatePct	Xiang Yu	Specialty	Specialty 3	3	2.0	data/import/Xiang_Yu.txt	21
AttackingEnemyWoundedIntoDeathRatePct	Xiang Yu	Specialty	Specialty 3	4	2.0	data/import/Xiang_Yu.txt	21
AttackingEnemyWoundedIntoDeathRatePct	Xiang Yu	Specialty	Specialty 3	5	4.0	data/import/Xiang_Yu.txt	21
AttackingEnemyWoundedIntoDeathRatePct	Xiang Yu	Specialty	SPECIALTY 3	5	10.0	data/import/Xiang_Yu.txt	21
AttackingEnemyWoundedIntoDeathRatePct	Xiang Yu	Specialty	Specialty 3		10.0	data/import/Xiang_Yu_20260216_184146.txt	21
AttackingEnemyWoundedIntoDeathRatePct	Xiang Yu	Specialty	Specialty 3	5	10.0	data/import/Xiang_Yu_20260216_184146.txt	21
AttackingEnemyWoundedIntoDeathRatePct	Xiang Yu	Specialty	Specialty 3	1	1.0	data/import/Xiang_Yu_20260216_184146.txt	21
AttackingEnemyWoundedIntoDeathRatePct	Xiang Yu	Specialty	Specialty 3	2	1.0	data/import/Xiang_Yu_20260216_184146.txt	21
AttackingEnemyWoundedIntoDeathRatePct	Xiang Yu	Specialty	Specialty 3	3	2.0	data/import/Xiang_Yu_20260216_184146.txt	21
AttackingEnemyWoundedIntoDeathRatePct	Xiang Yu	Specialty	Specialty 3	4	2.0	data/import/Xiang_Yu_20260216_184146.txt	21
AttackingEnemyWoundedIntoDeathRatePct	Xiang Yu	Specialty	Specialty 3	5	4.0	data/import/Xiang_Yu_20260216_184146.txt	21
AttackingEnemyWoundedIntoDeathRatePct	Xiang Yu	Specialty	SPECIALTY 3	5	10.0	data/import/Xiang_Yu_20260216_184146.txt	21
AttackingEnemyWoundedToDeadRatePct	Saladin	BaseSkill	Red Battle		10.0	data/import/Saladin.txt	11
AttackingEnemyWoundedToDeadRatePct	Vlad al III	Covenant	COVENANT | War		6.0	data/import/Vlad_al_III.txt	59
AttackingEnemyWoundedToDeadRatePct	Vlad al III	Covenant	COVENANT 1		6.0	data/import/Vlad_al_III.txt	59
AttackingEnemyWoundedToDeadRatePct	Vlad al III	Covenant	COVENANT | Cooperation		10.0	data/import/Vlad_al_III.txt	62
AttackingEnemyWoundedToDeadRatePct	Vlad al III	Covenant	COVENANT 2		10.0	data/import/Vlad_al_III.txt	62
AttackingEnemyWoundedToDeathRatePct	Undead General	BaseSkill	Winter Massacre		8.0	data/import/Undead_General.txt	11
AttackingEnemyWoundedToDeathWhenAttackingPct	Andrew Jackson	Ascension	ASCENSION 5		10.0	data/import/Andrew_Jackson.txt	44
AttackingEnemyWoundedToDeathWhenAttackingPct	Andrew Jackson	Specialty	Specialty 3		10.0	data/import/Andrew_Jackson.txt	44
AttackingEnemyWoundedToDeathWhenAttackingPct	Andrew Jackson	Specialty	Specialty 3	5	10.0	data/import/Andrew_Jackson.txt	44
AttackingEnemyWoundedToDeathWhenAttackingPct	Andrew Jackson	Specialty	Specialty 3	1	1.0	data/import/Andrew_Jackson.txt	44
AttackingEnemyWoundedToDeathWhenAttackingPct	Andrew Jackson	Specialty	Specialty 3	2	1.0	data/import/Andrew_Jackson.txt	44
AttackingEnemyWoundedToDeathWhenAttackingPct	Andrew Jackson	Specialty	Specialty 3	3	2.0	data/import/Andrew_Jackson.txt	44
AttackingEnemyWoundedToDeathWhenAttackingPct	Andrew Jackson	Specialty	Specialty 3	4	2.0	data/import/Andrew_Jackson.txt	44
AttackingEnemyWoundedToDeathWhenAttackingPct	Andrew Jackson	Specialty	Specialty 3	5	4.0	data/import/Andrew_Jackson.txt	44
AttackingEnemyWoundedToDeathWhenAttackingPct	Andrew Jackson	Specialty	SPECIALTY 3	5	10.0	data/import/Andrew_Jackson.txt	44
AttackingMarchSizeCapacityPct	Poligenus	Ascension	ASCENSION 3		10.0	data/import/Poligenus.txt	29
AttackingMarchSizeCapacityPct	Theodosius I	BaseSkill	Theodosius the Great		8.0	data/import/Theodosius_I.txt	13
AttackingMonsterMountedAttackPct	Athena	Ascension	ASCENSION 1		20.0	data/import/Athena.txt	17
AttackingMonsterMountedAttackPct	Athena	Ascension	ASCENSION 5		50.0	data/import/Athena.txt	34
AttackingMonsterUnder100MTroopAttackPct	Athena	Ascension	ASCENSION 5		300.0	data/import/Athena.txt	33
AttackingMonsterUnder40MTroopsAttackPct	Athena	BaseSkill	BaseSkill		150.0	data/import/Athena.txt	14
AttackingMonsterUnder40MTroopsAttackPct	Athena	BaseSkill	Goddess of Wisdom		150.0	data/import/Athena.txt	14
AttackingMonsterUnder70MTroopAttackPct	Athena	Ascension	ASCENSION 2		210.0	data/import/Athena.txt	21
AttackingMonstersEnemyAttackDebuffPct	Aethelflaed	Ascension	ASCENSION 3		-10.0	data/import/Aethelflaed.txt	23
AttackingMonstersEnemyAttackPct	Hernando Cortes	BaseSkill	Spirit of Adventure		-5.0	data/import/Hernando_Cortes.txt	12
AttackingMonstersEnemyDefenseDebuffPct	Aethelflaed	Ascension	ASCENSION 2		-10.0	data/import/Aethelflaed.txt	19
AttackingMonstersGroundAttackPct	Aethelflaed	Specialty	SPECIALTY 4	5	30.0	data/import/Aethelflaed.txt	47
AttackingMonstersGroundDefensePct	Aethelflaed	Specialty	SPECIALTY 4	5	30.0	data/import/Aethelflaed.txt	49
AttackingMonstersMountedAttackPct	Aethelflaed	Ascension	ASCENSION 4		15.0	data/import/Aethelflaed.txt	27
AttackingMonstersMountedAttackPct	Aethelflaed	Ascension	ASCENSION 5		20.0	data/import/Aethelflaed.txt	31
AttackingMonstersMountedAttackPct	Aethelflaed	Specialty	SPECIALTY 4	5	30.0	data/import/Aethelflaed.txt	48
AttackingMonstersMountedDefensePct	Aethelflaed	Specialty	SPECIALTY 4	5	30.0	data/import/Aethelflaed.txt	50
AttackingMonstersMountedHPPct	Aethelflaed	Ascension	ASCENSION 1		30.0	data/import/Aethelflaed.txt	15
AttackingMonstersStaminaCostPct	Nathanael Greene	BaseSkill	Strategy Expert		-25.0	data/import/Nathanael_Greene.txt	11
AttackingMonstersTroopDefensePct	Aethelflaed	Ascension	ASCENSION 1		10.0	data/import/Aethelflaed.txt	16
AttackingMonstersTroopDefensePct	Aethelflaed	Ascension	ASCENSION 3		20.0	data/import/Aethelflaed.txt	24
AttackingMonstersTroopDefensePct	Aethelflaed	Ascension	ASCENSION 5		10.0	data/import/Aethelflaed.txt	32
AttackingMonstersTroopHPPct	Aethelflaed	Ascension	ASCENSION 2		15.0	data/import/Aethelflaed.txt	20
AttackingMonstersTroopHPPct	Aethelflaed	Ascension	ASCENSION 4		20.0	data/import/Aethelflaed.txt	28
AttackingMonstersTroopHPPct	Aethelflaed	Ascension	ASCENSION 5		10.0	data/import/Aethelflaed.txt	33
AttackingOwnTroopWoundedToDeadRatePct	Vlad al III	BaseSkill	Deadly Curse		20.0	data/import/Vlad_al_III.txt	12
AttackingOwnWoundedToDeathRatePct	Undead General	BaseSkill	Winter Massacre		8.0	data/import/Undead_General.txt	12
AttackingWoundedToDeathRatePct	Jester	Specialty	Specialty 2	5	10.0	data/import/Jester.txt	36
AttackingWoundedToDeathRatePct	Jester	Specialty	Specialty 2	1	1.0	data/import/Jester.txt	36
AttackingWoundedToDeathRatePct	Jester	Specialty	Specialty 2	2	1.0	data/import/Jester.txt	36
AttackingWoundedToDeathRatePct	Jester	Specialty	Specialty 2	3	2.0	data/import/Jester.txt	36
AttackingWoundedToDeathRatePct	Jester	Specialty	Specialty 2	4	2.0	data/import/Jester.txt	36
AttackingWoundedToDeathRatePct	Jester	Specialty	Specialty 2	5	4.0	data/import/Jester.txt	36
AttackingWoundedToDeathRatePct	Jester	Specialty	SPECIALTY 2	5	10.0	data/import/Jester.txt	36
DefendingOutsideMainCityGroundAttackPct	Freyja	Ascension	ASCENSION 1		10.0	data/import/Freyja.txt	18
DefendingOutsideMainCityGroundAttackPct	Freyja	Ascension	ASCENSION 3		10.0	data/import/Freyja.txt	27
DefendingOutsideMainCityGroundAttackPct	Freyja	Ascension	ASCENSION 4		15.0	data/import/Freyja.txt	32
DefendingOutsideMainCityGroundAttackPct	Freyja	Ascension	ASCENSION 5		35.0	data/import/Freyja.txt	39
DefendingOutsideMainCityGroundAttackPct	Freyja	Specialty	Specialty 4	5	50.0	data/import/Freyja.txt	57
DefendingOutsideMainCityGroundAttackPct	Freyja	Specialty	Specialty 4	1	5.0	data/import/Freyja.txt	57
DefendingOutsideMainCityGroundAttackPct	Freyja	Specialty	Specialty 4	2	5.0	data/import/Freyja.txt	57
DefendingOutsideMainCityGroundAttackPct	Freyja	Specialty	Specialty 4	3	10.0	data/import/Freyja.txt	57
DefendingOutsideMainCityGroundAttackPct	Freyja	Specialty	Specialty 4	4	10.0	data/import/Freyja.txt	57
DefendingOutsideMainCityGroundAttackPct	Freyja	Specialty	Specialty 4	5	20.0	data/import/Freyja.txt	57
DefendingOutsideMainCityGroundAttackPct	Freyja	Specialty	SPECIALTY 4	5	50.0	data/import/Freyja.txt	57
DefendingOutsideMainCityGroundDefensePct	Freyja	BaseSkill	Gorgeous Blade		50.0	data/import/Freyja.txt	11
DefendingOutsideMainCityGroundDefensePct	Freyja	Ascension	ASCENSION 5		35.0	data/import/Freyja.txt	40
DefendingOutsideMainCityGroundDefensePct	Freyja	Specialty	Specialty 4	5	50.0	data/import/Freyja.txt	58
DefendingOutsideMainCityGroundDefensePct	Freyja	Specialty	Specialty 4	1	5.0	data/import/Freyja.txt	58
DefendingOutsideMainCityGroundDefensePct	Freyja	Specialty	Specialty 4	2	5.0	data/import/Freyja.txt	58
DefendingOutsideMainCityGroundDefensePct	Freyja	Specialty	Specialty 4	3	10.0	data/import/Freyja.txt	58
DefendingOutsideMainCityGroundDefensePct	Freyja	Specialty	Specialty 4	4	10.0	data/import/Freyja.txt	58
DefendingOutsideMainCityGroundDefensePct	Freyja	Specialty	Specialty 4	5	20.0	data/import/Freyja.txt	58
DefendingOutsideMainCityGroundDefensePct	Freyja	Specialty	SPECIALTY 4	5	50.0	data/import/Freyja.txt	58
DefendingOutsideMainCityGroundHPPct	Freyja	BaseSkill	Gorgeous Blade		50.0	data/import/Freyja.txt	12
DefendingOutsideMainCityGroundHPPct	Freyja	Ascension	ASCENSION 4		15.0	data/import/Freyja.txt	34
DefendingOutsideMainCityGroundHPPct	Freyja	Specialty	Specialty 4	5	40.0	data/import/Freyja.txt	59
DefendingOutsideMainCityGroundHPPct	Freyja	Specialty	SPECIALTY 4	5	40.0	data/import/Freyja.txt	59
DefendingOutsideMainCityMountedAttackPct	Freyja	Ascension	ASCENSION 3		10.0	data/import/Freyja.txt	28
DefendingOutsideMainCityMountedAttackPct	Freyja	Ascension	ASCENSION 4		15.0	data/import/Freyja.txt	33
DefendingOutsideMainCityMountedHPPct	Freyja	Ascension	ASCENSION 4		15.0	data/import/Freyja.txt	35
DefendingOutsideMainCityRangedAttackPct	Idun	Ascension	ASCENSION 3		15.0	data/import/Idun.txt	28
DefendingOutsideMainCityRangedAttackPct	Idun	Ascension	ASCENSION 5		35.0	data/import/Idun.txt	38
DefendingOutsideMainCityRangedAttackPct	Idun	Ascension	ASCENSION 5		45.0	data/import/Idun.txt	56
DefendingOutsideMainCityRangedAttackPct	Idun	Specialty	SPECIALTY 4	5	45.0	data/import/Idun.txt	56
DefendingOutsideMainCityRangedDefensePct	Idun	BaseSkill	BaseSkill		35.0	data/import/Idun.txt	11
DefendingOutsideMainCityRangedDefensePct	Idun	BaseSkill	Golden Apple		35.0	data/import/Idun.txt	11
DefendingOutsideMainCityRangedDefensePct	Idun	Ascension	ASCENSION 1		15.0	data/import/Idun.txt	18
DefendingOutsideMainCityRangedDefensePct	Idun	Ascension	ASCENSION 4		25.0	data/import/Idun.txt	33
DefendingOutsideMainCityRangedDefensePct	Idun	Ascension	ASCENSION 5		35.0	data/import/Idun.txt	39
DefendingOutsideMainCityRangedDefensePct	Idun	Ascension	ASCENSION 5		45.0	data/import/Idun.txt	57
DefendingOutsideMainCityRangedDefensePct	Idun	Specialty	SPECIALTY 4	5	45.0	data/import/Idun.txt	57
DefendingOutsideMainCityRangedHPPct	Idun	BaseSkill	BaseSkill		35.0	data/import/Idun.txt	12
DefendingOutsideMainCityRangedHPPct	Idun	BaseSkill	Golden Apple		35.0	data/import/Idun.txt	12
DefendingOutsideMainCityRangedHPPct	Idun	Ascension	ASCENSION 1		15.0	data/import/Idun.txt	19
DefendingOutsideMainCityRangedHPPct	Idun	Ascension	ASCENSION 4		25.0	data/import/Idun.txt	34
DefendingOutsideMainCityRangedHPPct	Idun	Ascension	ASCENSION 5		50.0	data/import/Idun.txt	58
DefendingOutsideMainCityRangedHPPct	Idun	Specialty	SPECIALTY 4	5	50.0	data/import/Idun.txt	58
DefendingOutsideMainCitySiegeMachineDefensePct	Idun	BaseSkill	BaseSkill		35.0	data/import/Idun.txt	13
DefendingOutsideMainCitySiegeMachineDefensePct	Idun	BaseSkill	Golden Apple		35.0	data/import/Idun.txt	13
DefendingOutsideMainCitySiegeMachineHPPct	Idun	BaseSkill	BaseSkill		35.0	data/import/Idun.txt	14
DefendingOutsideMainCitySiegeMachineHPPct	Idun	BaseSkill	Golden Apple		35.0	data/import/Idun.txt	14
DefendingOutsideMainCityTroopDeathToSurvivalRatePct	Freyja	Ascension	ASCENSION 2		8.0	data/import/Freyja.txt	21
DefendingOutsideMainCityTroopDeathToSurvivalRatePct	Idun	Ascension	ASCENSION 2		8.0	data/import/Idun.txt	23
DefendingSiegeMachineAttackPct	Hersilia	Covenant	COVENANT | Peace		10.0	data/import/Hersilia.txt	67
DefendingSiegeMachineAttackPct	Hersilia	Covenant	COVENANT 3		10.0	data/import/Hersilia.txt	67
DutyOfficerConstructionSpeedPct	Ashoka	Ascension	ASCENSION 3		20.0	data/import/Ashoka.txt	25
DutyOfficerConstructionSpeedPct	Ashoka	Specialty	Specialty 1	5	10.0	data/import/Ashoka.txt	41
DutyOfficerConstructionSpeedPct	Ashoka	Specialty	Specialty 1	1	1.0	data/import/Ashoka.txt	41
DutyOfficerConstructionSpeedPct	Ashoka	Specialty	Specialty 1	2	1.0	data/import/Ashoka.txt	41
DutyOfficerConstructionSpeedPct	Ashoka	Specialty	Specialty 1	3	2.0	data/import/Ashoka.txt	41
DutyOfficerConstructionSpeedPct	Ashoka	Specialty	Specialty 1	4	2.0	data/import/Ashoka.txt	41
DutyOfficerConstructionSpeedPct	Ashoka	Specialty	Specialty 1	5	4.0	data/import/Ashoka.txt	41
DutyOfficerConstructionSpeedPct	Ashoka	Specialty	SPECIALTY 1	5	10.0	data/import/Ashoka.txt	41
DutyOfficerConstructionSpeedPct	Askia Muhammad I	BaseSkill	King of Gold		15.0	data/import/Askia_Muhammad_I.txt	13
DutyOfficerConstructionSpeedPct	Askia Muhammad I	Specialty	Specialty 4	5	-16.0	data/import/Askia_Muhammad_I.txt	57
DutyOfficerConstructionSpeedPct	Askia Muhammad I	Specialty	Specialty 4	1	-2.0	data/import/Askia_Muhammad_I.txt	57
DutyOfficerConstructionSpeedPct	Askia Muhammad I	Specialty	Specialty 4	2	-2.0	data/import/Askia_Muhammad_I.txt	57
DutyOfficerConstructionSpeedPct	Askia Muhammad I	Specialty	Specialty 4	3	-3.0	data/import/Askia_Muhammad_I.txt	57
DutyOfficerConstructionSpeedPct	Askia Muhammad I	Specialty	Specialty 4	4	-3.0	data/import/Askia_Muhammad_I.txt	57
DutyOfficerConstructionSpeedPct	Askia Muhammad I	Specialty	Specialty 4	5	-6.0	data/import/Askia_Muhammad_I.txt	57
DutyOfficerConstructionSpeedPct	Askia Muhammad I	Specialty	SPECIALTY 4	5	-16.0	data/import/Askia_Muhammad_I.txt	57
DutyOfficerConstructionSpeedPct	Askia Muhammad I	BaseSkill	King of Gold		15.0	data/import/Askia_Muhammad_I_20260217_232743.txt	13
DutyOfficerConstructionSpeedPct	Askia Muhammad I	Specialty	SPECIALTY 4	5	-16.0	data/import/Askia_Muhammad_I_20260217_232743.txt	57
DutyOfficerConstructionSpeedPct	Hera	BaseSkill	Hera’s Majesty		15.0	data/import/Hera.txt	11
DutyOfficerConstructionSpeedPct	Hera	Ascension	ASCENSION 3		10.0	data/import/Hera.txt	34
DutyOfficerConstructionSpeedPct	Hera	Ascension	ASCENSION 5		20.0	data/import/Hera.txt	44
DutyOfficerConstructionSpeedPct	Hera	Specialty	Specialty 2	5	20.0	data/import/Hera.txt	53
DutyOfficerConstructionSpeedPct	Hera	Specialty	SPECIALTY 2	5	20.0	data/import/Hera.txt	53
DutyOfficerConstructionSpeedPct	Hera	Covenant	COVENANT | War		15.0	data/import/Hera.txt	66
DutyOfficerConstructionSpeedPct	Hera	Covenant	COVENANT 1		15.0	data/import/Hera.txt	66
DutyOfficerConstructionSpeedPct	Hera	Covenant	COVENANT | Cooperation		20.0	data/import/Hera.txt	70
DutyOfficerConstructionSpeedPct	Hera	Covenant	COVENANT 2		20.0	data/import/Hera.txt	70
DutyOfficerConstructionSpeedPct	Menshikov	BaseSkill	Greedy Marshal		20.0	data/import/Menshikov.txt	11
DutyOfficerConstructionSpeedPct	Menshikov	Ascension	ASCENSION 3		10.0	data/import/Menshikov.txt	20
DutyOfficerConstructionSpeedPct	Menshikov	Specialty	Specialty 1	5	10.0	data/import/Menshikov.txt	29
DutyOfficerConstructionSpeedPct	Menshikov	Specialty	Specialty 1	1	1.0	data/import/Menshikov.txt	29
DutyOfficerConstructionSpeedPct	Menshikov	Specialty	Specialty 1	2	1.0	data/import/Menshikov.txt	29
DutyOfficerConstructionSpeedPct	Menshikov	Specialty	Specialty 1	3	2.0	data/import/Menshikov.txt	29
DutyOfficerConstructionSpeedPct	Menshikov	Specialty	Specialty 1	4	2.0	data/import/Menshikov.txt	29
DutyOfficerConstructionSpeedPct	Menshikov	Specialty	Specialty 1	5	4.0	data/import/Menshikov.txt	29
DutyOfficerConstructionSpeedPct	Menshikov	Specialty	SPECIALTY 1	5	10.0	data/import/Menshikov.txt	29
DutyOfficerConstructionSpeedPct	Zhuge Liang	BaseSkill	Wolong		20.0	data/import/Zhuge_Liang.txt	11
DutyOfficerConstructionSpeedPct	Zhuge Liang	Ascension	ASCENSION 3		10.0	data/import/Zhuge_Liang.txt	20
DutyOfficerConstructionSpeedPct	Zhuge Liang	Ascension	ASCENSION 5		20.0	data/import/Zhuge_Liang.txt	29
DutyOfficerConstructionSpeedPct	Zhuge Liang	Specialty	Specialty 1		20.0	data/import/Zhuge_Liang.txt	29
DutyOfficerConstructionSpeedPct	Zhuge Liang	Specialty	Specialty 1	5	20.0	data/import/Zhuge_Liang.txt	29
DutyOfficerConstructionSpeedPct	Zhuge Liang	Specialty	SPECIALTY 1	5	20.0	data/import/Zhuge_Liang.txt	29
DutyOfficerConstructionSpeedPct	Zhuge Liang	Ascension	ASCENSION 5		10.0	data/import/Zhuge_Liang.txt	32
DutyOfficerConstructionSpeedPct	Zhuge Liang	Specialty	Specialty 2		10.0	data/import/Zhuge_Liang.txt	32
DutyOfficerConstructionSpeedPct	Zhuge Liang	Specialty	Specialty 2	5	10.0	data/import/Zhuge_Liang.txt	32
DutyOfficerConstructionSpeedPct	Zhuge Liang	Specialty	Specialty 2	1	1.0	data/import/Zhuge_Liang.txt	32
DutyOfficerConstructionSpeedPct	Zhuge Liang	Specialty	Specialty 2	2	1.0	data/import/Zhuge_Liang.txt	32
DutyOfficerConstructionSpeedPct	Zhuge Liang	Specialty	Specialty 2	3	2.0	data/import/Zhuge_Liang.txt	32
DutyOfficerConstructionSpeedPct	Zhuge Liang	Specialty	Specialty 2	4	2.0	data/import/Zhuge_Liang.txt	32
DutyOfficerConstructionSpeedPct	Zhuge Liang	Specialty	Specialty 2	5	4.0	data/import/Zhuge_Liang.txt	32
DutyOfficerConstructionSpeedPct	Zhuge Liang	Specialty	SPECIALTY 2	5	10.0	data/import/Zhuge_Liang.txt	32
DutyOfficerDefendingGroundHPPct	Sun Wu	Ascension	ASCENSION 2		20.0	data/import/Sun_Wu.txt	24
DutyOfficerDefendingMountedHPPct	Sun Wu	Ascension	ASCENSION 2		20.0	data/import/Sun_Wu.txt	25
DutyOfficerDefendingRangedAttackPct	Sun Wu	Ascension	ASCENSION 2		20.0	data/import/Sun_Wu.txt	26
DutyOfficerDefendingSiegeMachineAttackPct	Sun Wu	Ascension	ASCENSION 2		20.0	data/import/Sun_Wu.txt	27
DutyOfficerEnemyTroopAttackDebuffPct	Sun Wu	Ascension	ASCENSION 4		15.0	data/import/Sun_Wu.txt	34
DutyOfficerEnemyTroopDefenseDebuffPct	Sun Wu	Ascension	ASCENSION 4		15.0	data/import/Sun_Wu.txt	35
DutyOfficerGroundAttackPct	Abd al-Rahman I	Ascension	ASCENSION 5		10.0	data/import/Abd_al-Rahman_I.txt	39
DutyOfficerGroundAttackPct	Abd al-Rahman I	Specialty	Specialty 4	5	10.0	data/import/Abd_al-Rahman_I.txt	56
DutyOfficerGroundAttackPct	Abd al-Rahman I	Specialty	Specialty 4	1	1.0	data/import/Abd_al-Rahman_I.txt	56
DutyOfficerGroundAttackPct	Abd al-Rahman I	Specialty	Specialty 4	2	1.0	data/import/Abd_al-Rahman_I.txt	56
DutyOfficerGroundAttackPct	Abd al-Rahman I	Specialty	Specialty 4	3	2.0	data/import/Abd_al-Rahman_I.txt	56
DutyOfficerGroundAttackPct	Abd al-Rahman I	Specialty	Specialty 4	4	2.0	data/import/Abd_al-Rahman_I.txt	56
DutyOfficerGroundAttackPct	Abd al-Rahman I	Specialty	Specialty 4	5	4.0	data/import/Abd_al-Rahman_I.txt	56
DutyOfficerGroundAttackPct	Abd al-Rahman I	Specialty	SPECIALTY 4	5	10.0	data/import/Abd_al-Rahman_I.txt	56
DutyOfficerGroundAttackPct	Liu Bei	Ascension	ASCENSION 1		5.0	data/import/Liu_Bei.txt	20
DutyOfficerGroundAttackPct	Liu Bei	Ascension	ASCENSION 3		30.0	data/import/Liu_Bei.txt	33
DutyOfficerGroundAttackPct	Liu Bei	Ascension	ASCENSION 5		20.0	data/import/Liu_Bei.txt	43
DutyOfficerGroundAttackPct	Zhang Liang	Ascension	ASCENSION 5		10.0	data/import/Zhang_Liang.txt	37
DutyOfficerGroundTroopTrainingCapacityPct	Abd al-Rahman I	Ascension	ASCENSION 3		20.0	data/import/Abd_al-Rahman_I.txt	30
DutyOfficerGroundTroopTrainingCapacityPct	Abd al-Rahman I	Specialty	Specialty 1	5	20.0	data/import/Abd_al-Rahman_I.txt	45
DutyOfficerGroundTroopTrainingCapacityPct	Abd al-Rahman I	Specialty	SPECIALTY 1	5	20.0	data/import/Abd_al-Rahman_I.txt	45
DutyOfficerGroundTroopTrainingCapacityPct	Liu Bei	Ascension	ASCENSION 4		5.0	data/import/Liu_Bei.txt	38
DutyOfficerGroundTroopTrainingSpeedPct	Abd al-Rahman I	BaseSkill	Eagle of Conquest		20.0	data/import/Abd_al-Rahman_I.txt	15
DutyOfficerGroundTroopTrainingSpeedPct	Abd al-Rahman I	Ascension	ASCENSION 2		20.0	data/import/Abd_al-Rahman_I.txt	26
DutyOfficerGroundTroopTrainingSpeedPct	Abd al-Rahman I	Specialty	Specialty 1	5	20.0	data/import/Abd_al-Rahman_I.txt	44
DutyOfficerGroundTroopTrainingSpeedPct	Abd al-Rahman I	Specialty	SPECIALTY 1	5	20.0	data/import/Abd_al-Rahman_I.txt	44
DutyOfficerGroundTroopTrainingSpeedPct	Liu Bei	Ascension	ASCENSION 3		20.0	data/import/Liu_Bei.txt	35
DutyOfficerHealingSpeedPct	Trivia Hecate	Ascension	ASCENSION 3		15.0	data/import/Trivia_Hecate.txt	29
DutyOfficerMarchSizeCapacityPct	Liu Bei	Ascension	ASCENSION 4		5.0	data/import/Liu_Bei.txt	39
DutyOfficerMarchSpeedPct	Zhang Liang	Ascension	ASCENSION 2		15.0	data/import/Zhang_Liang.txt	22
DutyOfficerMountedAttackPct	Liu Bei	Ascension	ASCENSION 1		5.0	data/import/Liu_Bei.txt	23
DutyOfficerMountedAttackPct	Oleg of Novgorod	BaseSkill	Kiev Conquest		5.0	data/import/Oleg_of_Novgorod.txt	11
DutyOfficerMountedAttackPct	Oleg of Novgorod	Specialty	Specialty 4	5	10.0	data/import/Oleg_of_Novgorod.txt	34
DutyOfficerMountedAttackPct	Oleg of Novgorod	Specialty	Specialty 4	1	1.0	data/import/Oleg_of_Novgorod.txt	34
DutyOfficerMountedAttackPct	Oleg of Novgorod	Specialty	Specialty 4	2	1.0	data/import/Oleg_of_Novgorod.txt	34
DutyOfficerMountedAttackPct	Oleg of Novgorod	Specialty	Specialty 4	3	2.0	data/import/Oleg_of_Novgorod.txt	34
DutyOfficerMountedAttackPct	Oleg of Novgorod	Specialty	Specialty 4	4	2.0	data/import/Oleg_of_Novgorod.txt	34
DutyOfficerMountedAttackPct	Oleg of Novgorod	Specialty	Specialty 4	5	4.0	data/import/Oleg_of_Novgorod.txt	34
DutyOfficerMountedAttackPct	Oleg of Novgorod	Specialty	SPECIALTY 4	5	10.0	data/import/Oleg_of_Novgorod.txt	34
DutyOfficerMountedAttackPct	Zhang Liang	Ascension	ASCENSION 5		10.0	data/import/Zhang_Liang.txt	36
DutyOfficerMountedTroopTrainingSpeedPct	Oleg of Novgorod	BaseSkill	Kiev Conquest		20.0	data/import/Oleg_of_Novgorod.txt	14
DutyOfficerMountedTroopTrainingSpeedPct	Oleg of Novgorod	Specialty	Specialty 1	5	20.0	data/import/Oleg_of_Novgorod.txt	17
DutyOfficerMountedTroopTrainingSpeedPct	Oleg of Novgorod	Specialty	SPECIALTY 1	5	20.0	data/import/Oleg_of_Novgorod.txt	17
DutyOfficerRangedDefensePct	Sun Wu	Ascension	ASCENSION 5		15.0	data/import/Sun_Wu.txt	53
DutyOfficerRangedDefensePct	Sun Wu	Specialty	Specialty 2		15.0	data/import/Sun_Wu.txt	53
DutyOfficerRangedDefensePct	Sun Wu	Specialty	Specialty 2	5	15.0	data/import/Sun_Wu.txt	53
DutyOfficerRangedDefensePct	Sun Wu	Specialty	SPECIALTY 2	5	15.0	data/import/Sun_Wu.txt	53
DutyOfficerRangedDefensePct	Zhang Liang	Ascension	ASCENSION 5		15.0	data/import/Zhang_Liang.txt	38
DutyOfficerSiegeMachineDefensePct	Sun Wu	Ascension	ASCENSION 5		15.0	data/import/Sun_Wu.txt	54
DutyOfficerSiegeMachineDefensePct	Sun Wu	Specialty	Specialty 2		15.0	data/import/Sun_Wu.txt	54
DutyOfficerSiegeMachineDefensePct	Sun Wu	Specialty	Specialty 2	5	15.0	data/import/Sun_Wu.txt	54
DutyOfficerSiegeMachineDefensePct	Sun Wu	Specialty	SPECIALTY 2	5	15.0	data/import/Sun_Wu.txt	54
DutyOfficerSiegeMachineDefensePct	Zhang Liang	Ascension	ASCENSION 5		15.0	data/import/Zhang_Liang.txt	40
DutyOfficerSiegeMachineTrainingCapacityPct	Askia Muhammad I	Ascension	ASCENSION 2		20.0	data/import/Askia_Muhammad_I.txt	22
DutyOfficerSiegeMachineTrainingCapacityPct	Askia Muhammad I	Specialty	Specialty 1	5	20.0	data/import/Askia_Muhammad_I.txt	46
DutyOfficerSiegeMachineTrainingCapacityPct	Askia Muhammad I	Specialty	SPECIALTY 1	5	20.0	data/import/Askia_Muhammad_I.txt	46
DutyOfficerSiegeMachineTrainingCapacityPct	Askia Muhammad I	Ascension	ASCENSION 2		20.0	data/import/Askia_Muhammad_I_20260217_232743.txt	22
DutyOfficerSiegeMachineTrainingCapacityPct	Askia Muhammad I	Specialty	SPECIALTY 1	5	20.0	data/import/Askia_Muhammad_I_20260217_232743.txt	46
DutyOfficerTroopAttackPct	Sun Wu	Ascension	ASCENSION 3		15.0	data/import/Sun_Wu.txt	30
DutyOfficerTroopDefensePct	Sun Wu	Ascension	ASCENSION 3		15.0	data/import/Sun_Wu.txt	31
EnemyGroundDefensePctDebuffPct	Andrew Jackson	Ascension	ASCENSION 3		-10.0	data/import/Andrew_Jackson.txt	24
EnemyGroundDefensePctDebuffPct	Andrew Jackson	Ascension	ASCENSION 5		-10.0	data/import/Andrew_Jackson.txt	33
EnemyGroundHPPctDebuffPct	Andrew Jackson	Ascension	ASCENSION 1		-10.0	data/import/Andrew_Jackson.txt	15
EnemyGroundHPPctDebuffPct	Andrew Jackson	Ascension	ASCENSION 2		-10.0	data/import/Andrew_Jackson.txt	19
EnemyGroundTroopAndMountedTroopDefensePct	Narses (Awakened)	Ascension	Ascension 1	1	-10.0	data/import/Narses.txt	16
EnemyGroundTroopAndMountedTroopDefensePct	Narses (Awakened)	Ascension	ASCENSION 1		-10.0	data/imported/Narses.txt	16
EnemyGroundTroopDefenseDebuffPct	David Farragut	BaseSkill	Hero of the Union Navy		-20.0	data/import/David_Farragut.txt	13
EnemyGroundTroopDefenseDebuffPct	David Farragut	Ascension	ASCENSION 2		-10.0	data/import/David_Farragut.txt	23
EnemyGroundTroopDefenseDebuffPct	David Farragut	Ascension	ASCENSION 3		-15.0	data/import/David_Farragut.txt	27
EnemyInCityTroopDeathToWoundedRatePct	Cyrus the Great	Ascension	ASCENSION 2		10.0	data/import/Cyrus_the_Great.txt	21
EnemyInCityTroopDeathToWoundedRatePct	Elektra	Ascension	ASCENSION 2		8.0	data/import/Elektra.txt	21
EnemyInCityTroopDeathToWoundedRatePct	Kleos	Ascension	ASCENSION 2		10.0	data/import/Kleos.txt	22
EnemyMountedDefensePctDebuffPct	Andrew Jackson	Ascension	ASCENSION 3		-10.0	data/import/Andrew_Jackson.txt	25
EnemyMountedDefensePctDebuffPct	Andrew Jackson	Ascension	ASCENSION 5		-10.0	data/import/Andrew_Jackson.txt	34
EnemyMountedHPPctDebuffPct	Andrew Jackson	BaseSkill	Old Hickory		-20.0	data/import/Andrew_Jackson.txt	12
EnemyMountedHPPctDebuffPct	Andrew Jackson	Ascension	ASCENSION 1		-10.0	data/import/Andrew_Jackson.txt	16
EnemyMountedHPPctDebuffPct	Andrew Jackson	Ascension	ASCENSION 2		-10.0	data/import/Andrew_Jackson.txt	20
EnemyRangedTroopAttackDebuffPct	David Farragut	BaseSkill	Hero of the Union Navy		-10.0	data/import/David_Farragut.txt	11
EnemyRangedTroopAttackDebuffPct	David Farragut	Ascension	ASCENSION 5		-10.0	data/import/David_Farragut.txt	35
EnemyRangedTroopDefenseDebuffPct	David Farragut	Ascension	ASCENSION 1		-10.0	data/import/David_Farragut.txt	17
EnemyRangedTroopDefenseDebuffPct	David Farragut	Ascension	ASCENSION 5		-10.0	data/import/David_Farragut.txt	36
EnemyRangedTroopHPDebuffPct	David Farragut	Ascension	ASCENSION 1		-10.0	data/import/David_Farragut.txt	18
EnemyRangedTroopHPDebuffPct	David Farragut	Ascension	ASCENSION 5		-10.0	data/import/David_Farragut.txt	37
EnemyTroopDeathToDeathRatePct	Zhu Di	Specialty	Specialty 2	5	10.0	data/import/Zhu_Di.txt	48
EnemyTroopDeathToDeathRatePct	Zhu Di	Specialty	Specialty 2	1	1.0	data/import/Zhu_Di.txt	48
EnemyTroopDeathToDeathRatePct	Zhu Di	Specialty	Specialty 2	2	1.0	data/import/Zhu_Di.txt	48
EnemyTroopDeathToDeathRatePct	Zhu Di	Specialty	Specialty 2	3	2.0	data/import/Zhu_Di.txt	48
EnemyTroopDeathToDeathRatePct	Zhu Di	Specialty	Specialty 2	4	2.0	data/import/Zhu_Di.txt	48
EnemyTroopDeathToDeathRatePct	Zhu Di	Specialty	Specialty 2	5	4.0	data/import/Zhu_Di.txt	48
EnemyTroopDeathToDeathRatePct	Zhu Di	Specialty	SPECIALTY 2	5	10.0	data/import/Zhu_Di.txt	48
EnemyTroopDeathToWoundedRatePct	Elise	Ascension	ASCENSION 2		10.0	data/import/Elise.txt	21
EnemyTroopWoundedIntoDeathRatePct	Prince Rhaegar	Ascension	ASCENSION 2		8.0	data/import/Prince_Rhaegar.txt	17
EnemyTroopWoundedToDeadRatePct	Vlad al III	BaseSkill	Deadly Curse		20.0	data/import/Vlad_al_III.txt	11
EnemyWoundedIntoDeathPct	Undead General	Specialty	Specialty 1	5	10.0	data/import/Undead_General.txt	17
EnemyWoundedIntoDeathPct	Undead General	Specialty	Specialty 1	1	1.0	data/import/Undead_General.txt	17
EnemyWoundedIntoDeathPct	Undead General	Specialty	Specialty 1	2	1.0	data/import/Undead_General.txt	17
EnemyWoundedIntoDeathPct	Undead General	Specialty	Specialty 1	3	2.0	data/import/Undead_General.txt	17
EnemyWoundedIntoDeathPct	Undead General	Specialty	Specialty 1	4	2.0	data/import/Undead_General.txt	17
EnemyWoundedIntoDeathPct	Undead General	Specialty	Specialty 1	5	4.0	data/import/Undead_General.txt	17
EnemyWoundedIntoDeathPct	Undead General	Specialty	SPECIALTY 1	5	10.0	data/import/Undead_General.txt	17
EnemyWoundedIntoDeathRatePct	Genghis Khan	Specialty	Specialty 4	5	10.0	data/import/Genghis_Khan.txt	43
EnemyWoundedIntoDeathRatePct	Genghis Khan	Specialty	Specialty 4	1	1.0	data/import/Genghis_Khan.txt	43
EnemyWoundedIntoDeathRatePct	Genghis Khan	Specialty	Specialty 4	2	1.0	data/import/Genghis_Khan.txt	43
EnemyWoundedIntoDeathRatePct	Genghis Khan	Specialty	Specialty 4	3	2.0	data/import/Genghis_Khan.txt	43
EnemyWoundedIntoDeathRatePct	Genghis Khan	Specialty	Specialty 4	4	2.0	data/import/Genghis_Khan.txt	43
EnemyWoundedIntoDeathRatePct	Genghis Khan	Specialty	Specialty 4	5	4.0	data/import/Genghis_Khan.txt	43
EnemyWoundedIntoDeathRatePct	Genghis Khan	Specialty	SPECIALTY 4	5	10.0	data/import/Genghis_Khan.txt	43
EnemyWoundedIntoDeathRatePct	Genghis Khan	Covenant	COVENANT | War		10.0	data/import/Genghis_Khan.txt	47
EnemyWoundedIntoDeathRatePct	Genghis Khan	Covenant	COVENANT 1		10.0	data/import/Genghis_Khan.txt	47
EnemyWoundedIntoDeathRatePct	Mehmed II	Specialty	Specialty 1	5	6.0	data/import/Mehmed_II.txt	38
EnemyWoundedIntoDeathRatePct	Mehmed II	Specialty	Specialty 1	1	1.0	data/import/Mehmed_II.txt	38
EnemyWoundedIntoDeathRatePct	Mehmed II	Specialty	Specialty 1	2	1.0	data/import/Mehmed_II.txt	38
EnemyWoundedIntoDeathRatePct	Mehmed II	Specialty	Specialty 1	3	1.0	data/import/Mehmed_II.txt	38
EnemyWoundedIntoDeathRatePct	Mehmed II	Specialty	Specialty 1	4	1.0	data/import/Mehmed_II.txt	38
EnemyWoundedIntoDeathRatePct	Mehmed II	Specialty	Specialty 1	5	2.0	data/import/Mehmed_II.txt	38
EnemyWoundedIntoDeathRatePct	Mehmed II	Specialty	SPECIALTY 1	5	6.0	data/import/Mehmed_II.txt	38
ExtraResourcesFromResourceSpotsPct	Amir Timur	Ascension	ASCENSION 5		15.0	data/import/Amir_Timur.txt	28
FoodGatheringFromOutsideCityResourceSpotsPct	Shimazu Yoshihiro	BaseSkill	Shimazu Demon		30.0	data/import/Shimazu_Yoshihiro.txt	11
FoodGatheringFromOutsideCityResourceSpotsPct	Shimazu Yoshihiro	Specialty	Specialty 1		20.0	data/import/Shimazu_Yoshihiro.txt	15
FoodGatheringFromOutsideCityResourceSpotsPct	Shimazu Yoshihiro	Specialty	Specialty 1	5	20.0	data/import/Shimazu_Yoshihiro.txt	15
FoodGatheringFromOutsideCityResourceSpotsPct	Shimazu Yoshihiro	Specialty	SPECIALTY 1	5	20.0	data/import/Shimazu_Yoshihiro.txt	15
FoodProtectedFromTroopUpkeepPct	Philippa	Ascension	ASCENSION 5		150.0	data/import/Philippa.txt	53
FoodProtectedFromTroopUpkeepPct	Philippa	Specialty	Specialty 3		150.0	data/import/Philippa.txt	53
FoodProtectedFromTroopUpkeepPct	Philippa	Specialty	Specialty 3	5	150.0	data/import/Philippa.txt	53
FoodProtectedFromTroopUpkeepPct	Philippa	Specialty	SPECIALTY 3	5	150.0	data/import/Philippa.txt	53
GatheringSpeedPct	Constance I	Specialty	Specialty 2		10.0	data/import/Constance_I.txt	18
GatheringSpeedPct	Constance I	Specialty	Specialty 2	5	10.0	data/import/Constance_I.txt	18
GatheringSpeedPct	Constance I	Specialty	Specialty 2	1	1.0	data/import/Constance_I.txt	18
GatheringSpeedPct	Constance I	Specialty	Specialty 2	2	1.0	data/import/Constance_I.txt	18
GatheringSpeedPct	Constance I	Specialty	Specialty 2	3	2.0	data/import/Constance_I.txt	18
GatheringSpeedPct	Constance I	Specialty	Specialty 2	4	2.0	data/import/Constance_I.txt	18
GatheringSpeedPct	Constance I	Specialty	Specialty 2	5	4.0	data/import/Constance_I.txt	18
GatheringSpeedPct	Constance I	Specialty	SPECIALTY 2	5	10.0	data/import/Constance_I.txt	18
GatheringSpeedPct	Princess Lucy	BaseSkill	Inspiration		15.0	data/import/Princess_Lucy.txt	11
GatheringSpeedPct	Princess Lucy	Specialty	Specialty 2	5	10.0	data/import/Princess_Lucy.txt	23
GatheringSpeedPct	Princess Lucy	Specialty	Specialty 2	1	1.0	data/import/Princess_Lucy.txt	23
GatheringSpeedPct	Princess Lucy	Specialty	Specialty 2	2	1.0	data/import/Princess_Lucy.txt	23
GatheringSpeedPct	Princess Lucy	Specialty	Specialty 2	3	2.0	data/import/Princess_Lucy.txt	23
GatheringSpeedPct	Princess Lucy	Specialty	Specialty 2	4	2.0	data/import/Princess_Lucy.txt	23
GatheringSpeedPct	Princess Lucy	Specialty	Specialty 2	5	4.0	data/import/Princess_Lucy.txt	23
GatheringSpeedPct	Princess Lucy	Specialty	SPECIALTY 2	5	10.0	data/import/Princess_Lucy.txt	23
GeneralHasDragonAttackingGroundAttackPct	Elise	Ascension	ASCENSION 1		15.0	data/import/Elise.txt	18
GeneralHasDragonAttackingGroundAttackPct	Elise	Ascension	ASCENSION 5		20.0	data/import/Elise.txt	33
GeneralHasDragonGroundAttackPct	Elise	BaseSkill	Dragon’s Song		30.0	data/import/Elise.txt	13
GeneralHasDragonGroundAttackPct	Ludwig	BaseSkill	North Frostwolf		25.0	data/import/Ludwig.txt	12
GeneralHasDragonGroundDefensePct	Ludwig	BaseSkill	North Frostwolf		25.0	data/import/Ludwig.txt	13
GeneralHasDragonGroundHPPct	Hestia	BaseSkill	BaseSkill		40.0	data/import/Hestia.txt	13
GeneralHasDragonGroundHPPct	Hestia	BaseSkill	Dance of the Sacred Fire		40.0	data/import/Hestia.txt	13
GeneralHasDragonGroundHPPct	Lorenzo de’ Medici	BaseSkill	Magnifico		45.0	data/import/Lorenzo_de_Medici.txt	13
GeneralHasDragonGroundHPPct	Ludwig	BaseSkill	North Frostwolf		25.0	data/import/Ludwig.txt	14
GeneralHasDragonMountedAttackPct	Martinus	BaseSkill	BaseSkill		15.0	data/import/Martinus.txt	12
GeneralHasDragonMountedAttackPct	Martinus	BaseSkill	The Dragon Wakes		15.0	data/import/Martinus.txt	12
GeneralHasDragonMountedAttackPct	Martinus	Ascension	ASCENSION 5		20.0	data/import/Martinus.txt	30
GeneralHasDragonMountedHPPct	Hestia	BaseSkill	BaseSkill		40.0	data/import/Hestia.txt	14
GeneralHasDragonMountedHPPct	Hestia	BaseSkill	Dance of the Sacred Fire		40.0	data/import/Hestia.txt	14
GeneralHasDragonMountedHPPct	Lorenzo de’ Medici	BaseSkill	Magnifico		45.0	data/import/Lorenzo_de_Medici.txt	14
GeneralHasDragonRangedAttackPct	Douglas	BaseSkill	BaseSkill		15.0	data/import/Douglas.txt	12
GeneralHasDragonRangedAttackPct	Douglas	BaseSkill	Blessing of Siren		15.0	data/import/Douglas.txt	12
GeneralHasDragonRangedAttackPct	Elektra	BaseSkill	Blood Restrain		20.0	data/import/Elektra.txt	13
GeneralHasDragonRangedAttackPct	Elektra	Ascension	ASCENSION 5		20.0	data/import/Elektra.txt	34
GeneralHasDragonRangedAttackPct	Pallas	BaseSkill	Guard of Owl and Serpent		10.0	data/import/Pallas.txt	13
GeneralHasDragonRangedDefensePct	Douglas	BaseSkill	BaseSkill		15.0	data/import/Douglas.txt	13
GeneralHasDragonRangedDefensePct	Douglas	BaseSkill	Blessing of Siren		15.0	data/import/Douglas.txt	13
GeneralHasDragonRangedDefensePct	Hatshepsut	BaseSkill	BaseSkill		40.0	data/import/Hatshepsut.txt	13
GeneralHasDragonRangedDefensePct	Hatshepsut	BaseSkill	Maatkare		40.0	data/import/Hatshepsut.txt	13
GeneralHasDragonRangedDefensePct	Mason Weaver	BaseSkill	Friend of Kong		25.0	data/import/Mason_Weaver.txt	13
GeneralHasDragonRangedHPPct	Gunther	BaseSkill	The King of Atlis		30.0	data/import/Gunther.txt	13
GeneralHasDragonRangedHPPct	Mason Weaver	BaseSkill	Friend of Kong		25.0	data/import/Mason_Weaver.txt	15
GeneralHasDragonRangedHPPct	Ragnar	BaseSkill	BaseSkill		35.0	data/import/Ragnar.txt	13
GeneralHasDragonRangedHPPct	Ragnar	BaseSkill	Unstoppable Force		35.0	data/import/Ragnar.txt	13
GeneralHasDragonSiegeMachineAttackPct	Douglas	BaseSkill	BaseSkill		15.0	data/import/Douglas.txt	14
GeneralHasDragonSiegeMachineAttackPct	Douglas	BaseSkill	Blessing of Siren		15.0	data/import/Douglas.txt	14
GeneralHasDragonSiegeMachineAttackPct	Pallas	BaseSkill	Guard of Owl and Serpent		10.0	data/import/Pallas.txt	14
GeneralHasDragonSiegeMachineAttackPct	Surena	BaseSkill	Shield of Parthians		15.0	data/import/Surena.txt	12
GeneralHasDragonSiegeMachineAttackPct	Surena	Ascension	ASCENSION 5		10.0	data/import/Surena.txt	34
GeneralHasDragonSiegeMachineDefensePct	Douglas	BaseSkill	BaseSkill		15.0	data/import/Douglas.txt	15
GeneralHasDragonSiegeMachineDefensePct	Douglas	BaseSkill	Blessing of Siren		15.0	data/import/Douglas.txt	15
GeneralHasDragonSiegeMachineDefensePct	Hatshepsut	BaseSkill	BaseSkill		40.0	data/import/Hatshepsut.txt	14
GeneralHasDragonSiegeMachineDefensePct	Hatshepsut	BaseSkill	Maatkare		40.0	data/import/Hatshepsut.txt	14
GeneralHasDragonSiegeMachineDefensePct	Mason Weaver	BaseSkill	Friend of Kong		25.0	data/import/Mason_Weaver.txt	14
GeneralHasDragonSiegeMachineHPPct	Gunther	BaseSkill	The King of Atlis		30.0	data/import/Gunther.txt	14
GeneralHasDragonSiegeMachineHPPct	Mason Weaver	BaseSkill	Friend of Kong		25.0	data/import/Mason_Weaver.txt	16
GeneralHasDragonSiegeMachineHPPct	Pallas	BaseSkill	Guard of Owl and Serpent		10.0	data/import/Pallas.txt	15
GeneralHasDragonSiegeMachineHPPct	Ragnar	BaseSkill	BaseSkill		35.0	data/import/Ragnar.txt	14
GeneralHasDragonSiegeMachineHPPct	Ragnar	BaseSkill	Unstoppable Force		35.0	data/import/Ragnar.txt	14
GroundAttackOnMonstersPct	Aethelflaed	Specialty	Specialty 4	5	30.0	data/import/Aethelflaed.txt	65
GroundAttackOnMonstersPct	Aethelflaed	Specialty	SPECIALTY 4	5	30.0	data/import/Aethelflaed.txt	65
GroundAttackOnMonstersPct	Maria Theresa	Specialty	Specialty 4	5	25.0	data/import/Maria_Theresa.txt	66
GroundAttackOnMonstersPct	Maria Theresa	Specialty	SPECIALTY 4	5	25.0	data/import/Maria_Theresa.txt	66
GroundAttackOnMonstersPct	Sanada Yukimura	BaseSkill	Sengoku Hero		20.0	data/import/Sanada_Yukimura.txt	12
GroundDefenseOnMonstersPct	Aethelflaed	Specialty	Specialty 4	5	30.0	data/import/Aethelflaed.txt	67
GroundDefenseOnMonstersPct	Aethelflaed	Specialty	SPECIALTY 4	5	30.0	data/import/Aethelflaed.txt	67
GroundDefenseOnMonstersPct	Maria Theresa	Specialty	Specialty 4	5	25.0	data/import/Maria_Theresa.txt	68
GroundDefenseOnMonstersPct	Maria Theresa	Specialty	SPECIALTY 4	5	25.0	data/import/Maria_Theresa.txt	68
InCityDeathToSoulRatePct	Pompey	Specialty	Specialty 2	5	10.0	data/import/Pompey.txt	41
InCityDeathToSoulRatePct	Pompey	Specialty	Specialty 2	1	1.0	data/import/Pompey.txt	41
InCityDeathToSoulRatePct	Pompey	Specialty	Specialty 2	2	1.0	data/import/Pompey.txt	41
InCityDeathToSoulRatePct	Pompey	Specialty	Specialty 2	3	2.0	data/import/Pompey.txt	41
InCityDeathToSoulRatePct	Pompey	Specialty	Specialty 2	4	2.0	data/import/Pompey.txt	41
InCityDeathToSoulRatePct	Pompey	Specialty	Specialty 2	5	4.0	data/import/Pompey.txt	41
InCityDeathToSoulRatePct	Pompey	Specialty	SPECIALTY 2	5	10.0	data/import/Pompey.txt	41
InCityFoodProtectedFromTroopUpkeepPct	Shajar al-Durr	BaseSkill	Queen of Prosperity		200.0	data/import/Shajar_al-Durr.txt	12
InCityHospitalCapacityPct	Sappho	Ascension	Ascension 2	2	20.0	data/import/Sappho.txt	20
InCityResourceProductionSpeedPct	Shajar al-Durr	BaseSkill	Queen of Prosperity		100.0	data/import/Shajar_al-Durr.txt	11
InCityTrapTriggeringChancePct	Raged King	Specialty	Specialty 3	5	20.0	data/import/Raged_King.txt	38
InCityTrapTriggeringChancePct	Raged King	Specialty	SPECIALTY 3	5	20.0	data/import/Raged_King.txt	38
InCityTroopDeathIntoSoulRatePct	Emperor Qin Shihuang	Covenant	COVENANT | Cooperation		10.0	data/import/Emperor_Qin_Shihuang.txt	52
InCityTroopDeathIntoSoulRatePct	Emperor Qin Shihuang	Covenant	COVENANT | Cooperation		10.0	data/import/Emperor_Qin_Shihuang_20260216_184146.txt	52
InCityTroopDeathIntoSoulRatePct	Emperor Qin Shihuang	Covenant	COVENANT 2		10.0	data/import/Emperor_Qin_Shihuang_20260216_184146.txt	52
InCityTroopDeathIntoSoulRatePct	Saladin	Specialty	Specialty 3	5	10.0	data/import/Saladin.txt	47
InCityTroopDeathIntoSoulRatePct	Saladin	Specialty	Specialty 3	1	1.0	data/import/Saladin.txt	47
InCityTroopDeathIntoSoulRatePct	Saladin	Specialty	Specialty 3	2	1.0	data/import/Saladin.txt	47
InCityTroopDeathIntoSoulRatePct	Saladin	Specialty	Specialty 3	3	2.0	data/import/Saladin.txt	47
InCityTroopDeathIntoSoulRatePct	Saladin	Specialty	Specialty 3	4	2.0	data/import/Saladin.txt	47
InCityTroopDeathIntoSoulRatePct	Saladin	Specialty	Specialty 3	5	4.0	data/import/Saladin.txt	47
InCityTroopDeathIntoSoulRatePct	Saladin	Specialty	SPECIALTY 3	5	10.0	data/import/Saladin.txt	47
InCityTroopDeathIntoTroopSoulRatePct	Shajar al-Durr	Covenant	COVENANT | Cooperation		10.0	data/import/Shajar_al-Durr.txt	36
InCityTroopDeathIntoTroopSoulRatePct	Shajar al-Durr	Covenant	COVENANT 2		10.0	data/import/Shajar_al-Durr.txt	36
InRallyMarchSizeCapacityPct	Martinus	Ascension	ASCENSION 3		6.0	data/import/Martinus.txt	23
InRallyRallyCapacityPct	Alessandra	Ascension	ASCENSION 3		8.0	data/import/Alessandra.txt	25
InRallyRallyCapacityPct	Guan Yu	Ascension	ASCENSION 3		8.0	data/import/Guan_Yu.txt	24
InRallyRallyCapacityPct	Hannibal	Ascension	ASCENSION 3		8.0	data/import/Hannibal.txt	25
InRallyRallyCapacityPct	Li Shimin	Ascension	ASCENSION 3		6.0	data/import/Li_Shimin.txt	21
InRallyRallyCapacityPct	Li Shimin	Ascension	ASCENSION 3		6.0	data/import/Li_Shimin_20260216_184146.txt	21
InRallyRallyCapacityPct	Ramesses II	Ascension	ASCENSION 3		8.0	data/import/Ramesses_II.txt	23
InRallyRallyCapacityPct	Rumyantsev	Ascension	ASCENSION 3		5.0	data/import/Rumyantsev.txt	25
InRallyRallyCapacityPct	Rumyantsev	Ascension	ASCENSION 5		5.0	data/import/Rumyantsev.txt	35
InRallyRallyCapacityPct	Surena	Ascension	ASCENSION 3		8.0	data/import/Surena.txt	23
InRallyRallyCapacityPct	Zhao Yun	Ascension	ASCENSION 3		8.0	data/import/Zhao_Yun.txt	23
LeadingEnemyMountedHPPct	Hōjō Ujiyasu	BaseSkill	Lion of Sagami		-35.0	data/import/HoJo_Ujiyasu.txt	12
LeadingEnemyMountedTroopDefenseDebuffPct	David Farragut	BaseSkill	Hero of the Union Navy		-20.0	data/import/David_Farragut.txt	14
LeadingEnemyRangedAttackDebuffPct	Hōjō Ujiyasu	BaseSkill	Lion of Sagami		-35.0	data/import/HoJo_Ujiyasu.txt	11
LeadingRangedTroopAttackPct	Himiko	BaseSkill	Kiido Magic		15.0	data/import/Himiko.txt	12
LeadingRangedTroopDefensePct	Himiko	BaseSkill	Kiido Magic		15.0	data/import/Himiko.txt	13
LumberGatheringBonusOutsideCityResourceSpotsPct	Constance I	Specialty	Specialty 1		20.0	data/import/Constance_I.txt	15
LumberGatheringBonusOutsideCityResourceSpotsPct	Constance I	Specialty	Specialty 1	5	20.0	data/import/Constance_I.txt	15
LumberGatheringBonusOutsideCityResourceSpotsPct	Constance I	Specialty	SPECIALTY 1	5	20.0	data/import/Constance_I.txt	15
MayorAttackingGroundDefensePct	Yolande of Aragon	Ascension	ASCENSION 1		20.0	data/import/Yolande_of_Aragon.txt	20
MayorAttackingGroundHPPct	Yolande of Aragon	Ascension	ASCENSION 1		20.0	data/import/Yolande_of_Aragon.txt	22
MayorAttackingMountedDefensePct	Yolande of Aragon	Ascension	ASCENSION 1		20.0	data/import/Yolande_of_Aragon.txt	21
MayorAttackingMountedHPPct	Yolande of Aragon	Ascension	ASCENSION 1		20.0	data/import/Yolande_of_Aragon.txt	23
MayorAttackingRangedAttackPct	Yolande of Aragon	Ascension	ASCENSION 3		30.0	data/import/Yolande_of_Aragon.txt	31
MayorAttackingRangedDefensePct	Yolande of Aragon	Ascension	ASCENSION 3		30.0	data/import/Yolande_of_Aragon.txt	32
MayorAttackingSiegeMachineAttackPct	Yolande of Aragon	Ascension	ASCENSION 3		30.0	data/import/Yolande_of_Aragon.txt	33
MayorAttackingSiegeMachineDefensePct	Yolande of Aragon	Ascension	ASCENSION 3		30.0	data/import/Yolande_of_Aragon.txt	34
MayorEnemyDefendingRangedTroopAttackPct	Yolande of Aragon	Ascension	ASCENSION 4		-25.0	data/import/Yolande_of_Aragon.txt	37
MayorEnemyDefendingRangedTroopHPPct	Yolande of Aragon	Ascension	ASCENSION 4		-25.0	data/import/Yolande_of_Aragon.txt	38
MayorEnemyDefendingSiegeMachineAttackPct	Yolande of Aragon	Ascension	ASCENSION 4		-25.0	data/import/Yolande_of_Aragon.txt	39
MayorEnemyDefendingSiegeMachineHPPct	Yolande of Aragon	Ascension	ASCENSION 4		-25.0	data/import/Yolande_of_Aragon.txt	40
MayorInCityRangedAttackPct	Hammurabi	Ascension	Ascension 3	3	20.0	data/import/Hammurabi.txt	25
MayorInCityRangedAttackPct	Hammurabi	Ascension	Ascension 5	5	20.0	data/import/Hammurabi.txt	37
MayorInCityRangedDefensePct	Hammurabi	Ascension	Ascension 1	1	20.0	data/import/Hammurabi.txt	16
MayorInCityRangedDefensePct	Hammurabi	Ascension	Ascension 3	3	20.0	data/import/Hammurabi.txt	26
MayorInCityRangedHPPct	Hammurabi	Ascension	Ascension 1	1	20.0	data/import/Hammurabi.txt	17
MayorInCityRangedHPPct	Hammurabi	Ascension	Ascension 3	3	20.0	data/import/Hammurabi.txt	27
MayorInCitySiegeMachineAttackPct	Hammurabi	Ascension	Ascension 3	3	20.0	data/import/Hammurabi.txt	28
MayorInCitySiegeMachineAttackPct	Hammurabi	Ascension	Ascension 5	5	20.0	data/import/Hammurabi.txt	38
MayorInCitySiegeMachineDefensePct	Hammurabi	Ascension	Ascension 1	1	20.0	data/import/Hammurabi.txt	18
MayorInCitySiegeMachineDefensePct	Hammurabi	Ascension	Ascension 3	3	20.0	data/import/Hammurabi.txt	29
MayorInCitySiegeMachineHPPct	Hammurabi	Ascension	Ascension 1	1	20.0	data/import/Hammurabi.txt	19
MayorInCitySiegeMachineHPPct	Hammurabi	Ascension	Ascension 3	3	20.0	data/import/Hammurabi.txt	30
MayorInCityTroopAttackPct	Yolande of Aragon	Ascension	ASCENSION 2		10.0	data/import/Yolande_of_Aragon.txt	26
MayorInCityTroopHPPct	Yolande of Aragon	Ascension	ASCENSION 2		10.0	data/import/Yolande_of_Aragon.txt	27
MayorInCityTroopsDefensePct	Hammurabi	Ascension	Ascension 4	4	25.0	data/import/Hammurabi.txt	33
MayorInCityTroopsDefensePct	Hammurabi	Ascension	Ascension 5	5	20.0	data/import/Hammurabi.txt	39
MayorInCityTroopsHPPct	Hammurabi	Ascension	Ascension 4	4	25.0	data/import/Hammurabi.txt	34
MayorInCityTroopsHPPct	Hammurabi	Ascension	Ascension 5	5	20.0	data/import/Hammurabi.txt	40
MayorMountedAttackPct	Sargon I	Specialty	Specialty 3	5	10.0	data/import/Sargon_I.txt	55
MayorMountedAttackPct	Sargon I	Specialty	Specialty 3	1	1.0	data/import/Sargon_I.txt	55
MayorMountedAttackPct	Sargon I	Specialty	Specialty 3	2	1.0	data/import/Sargon_I.txt	55
MayorMountedAttackPct	Sargon I	Specialty	Specialty 3	3	2.0	data/import/Sargon_I.txt	55
MayorMountedAttackPct	Sargon I	Specialty	Specialty 3	4	2.0	data/import/Sargon_I.txt	55
MayorMountedAttackPct	Sargon I	Specialty	Specialty 3	5	4.0	data/import/Sargon_I.txt	55
MayorMountedAttackPct	Sargon I	Specialty	SPECIALTY 3	5	10.0	data/import/Sargon_I.txt	55
MayorMountedDefensePct	Sargon I	Specialty	Specialty 3	5	10.0	data/import/Sargon_I.txt	56
MayorMountedDefensePct	Sargon I	Specialty	Specialty 3	1	1.0	data/import/Sargon_I.txt	56
MayorMountedDefensePct	Sargon I	Specialty	Specialty 3	2	1.0	data/import/Sargon_I.txt	56
MayorMountedDefensePct	Sargon I	Specialty	Specialty 3	3	2.0	data/import/Sargon_I.txt	56
MayorMountedDefensePct	Sargon I	Specialty	Specialty 3	4	2.0	data/import/Sargon_I.txt	56
MayorMountedDefensePct	Sargon I	Specialty	Specialty 3	5	4.0	data/import/Sargon_I.txt	56
MayorMountedDefensePct	Sargon I	Specialty	SPECIALTY 3	5	10.0	data/import/Sargon_I.txt	56
MayorRallyCapacityPct	Catherine II	Specialty	Specialty 2	5	36.0	data/import/Catherine_II.txt	45
MayorRallyCapacityPct	Catherine II	Specialty	SPECIALTY 2	5	36.0	data/import/Catherine_II.txt	45
MayorRallyCapacityPct	Yolande of Aragon	Ascension	ASCENSION 5		6.0	data/import/Yolande_of_Aragon.txt	45
MayorRangedAttackPct	Ashoka	Specialty	Specialty 4	5	20.0	data/import/Ashoka.txt	52
MayorRangedAttackPct	Ashoka	Specialty	SPECIALTY 4	5	20.0	data/import/Ashoka.txt	52
MayorRangedDefensePct	Ashoka	Specialty	Specialty 4	5	20.0	data/import/Ashoka.txt	53
MayorRangedDefensePct	Ashoka	Specialty	SPECIALTY 4	5	20.0	data/import/Ashoka.txt	53
MayorRangedDefensePct	Hammurabi	BaseSkill	The Code of Hammurabi		20.0	data/import/Hammurabi.txt	12
MayorRangedHPPct	Ashoka	Specialty	Specialty 4	5	10.0	data/import/Ashoka.txt	54
MayorRangedHPPct	Ashoka	Specialty	Specialty 4	1	1.0	data/import/Ashoka.txt	54
MayorRangedHPPct	Ashoka	Specialty	Specialty 4	2	1.0	data/import/Ashoka.txt	54
MayorRangedHPPct	Ashoka	Specialty	Specialty 4	3	2.0	data/import/Ashoka.txt	54
MayorRangedHPPct	Ashoka	Specialty	Specialty 4	4	2.0	data/import/Ashoka.txt	54
MayorRangedHPPct	Ashoka	Specialty	Specialty 4	5	4.0	data/import/Ashoka.txt	54
MayorRangedHPPct	Ashoka	Specialty	SPECIALTY 4	5	10.0	data/import/Ashoka.txt	54
MayorResearchSpeedPct	Hammurabi	BaseSkill	The Code of Hammurabi		10.0	data/import/Hammurabi.txt	11
MayorResearchSpeedPct	Hammurabi	Ascension	Ascension 2	2	10.0	data/import/Hammurabi.txt	22
MayorSubCityDeathIntoSurvivalRatePct	Andrew Jackson	Ascension	ASCENSION 3		10.0	data/import/Andrew_Jackson.txt	26
MayorSubCityGoldProductionSpeedPct	King Sejong	BaseSkill	Civilization		75.0	data/import/King_Sejong.txt	11
MayorSubCityGoldProductionSpeedPct	King Sejong	Ascension	ASCENSION 5		36.0	data/import/King_Sejong.txt	37
MayorSubCityGoldProductionSpeedPct	King Sejong	Specialty	Specialty 2		36.0	data/import/King_Sejong.txt	37
MayorSubCityGoldProductionSpeedPct	King Sejong	Specialty	Specialty 2	5	36.0	data/import/King_Sejong.txt	37
MayorSubCityGoldProductionSpeedPct	King Sejong	Specialty	SPECIALTY 2	5	36.0	data/import/King_Sejong.txt	37
MayorSubCityGoldProductionSpeedPct	King Sejong	Ascension	ASCENSION 5		40.0	data/import/King_Sejong.txt	44
MayorSubCityGoldProductionSpeedPct	King Sejong	Specialty	Specialty 4		40.0	data/import/King_Sejong.txt	44
MayorSubCityGoldProductionSpeedPct	King Sejong	Specialty	Specialty 4	5	40.0	data/import/King_Sejong.txt	44
MayorSubCityGoldProductionSpeedPct	King Sejong	Specialty	SPECIALTY 4	5	40.0	data/import/King_Sejong.txt	44
MayorSubCityGoldProductionSpeedPct	Yolande of Aragon	Ascension	ASCENSION 5		30.0	data/import/Yolande_of_Aragon.txt	56
MayorSubCityGoldProductionSpeedPct	Yolande of Aragon	Specialty	Specialty 3		30.0	data/import/Yolande_of_Aragon.txt	56
MayorSubCityGoldProductionSpeedPct	Yolande of Aragon	Specialty	Specialty 3	5	30.0	data/import/Yolande_of_Aragon.txt	56
MayorSubCityGoldProductionSpeedPct	Yolande of Aragon	Specialty	SPECIALTY 3	5	30.0	data/import/Yolande_of_Aragon.txt	56
MayorSubordinateCityGoldProductionSpeedPct	Lincoln	BaseSkill	Emancipation		75.0	data/import/Lincoln.txt	11
MayorSubordinateCityGoldProductionSpeedPct	Lincoln	Ascension	ASCENSION 5		36.0	data/import/Lincoln.txt	40
MayorSubordinateCityGoldProductionSpeedPct	Lincoln	Specialty	Specialty 2		36.0	data/import/Lincoln.txt	40
MayorSubordinateCityGoldProductionSpeedPct	Lincoln	Specialty	Specialty 2	5	36.0	data/import/Lincoln.txt	40
MayorSubordinateCityGoldProductionSpeedPct	Lincoln	Specialty	SPECIALTY 2	5	36.0	data/import/Lincoln.txt	40
MayorTroopAttackPct	Yolande of Aragon	Ascension	ASCENSION 5		15.0	data/import/Yolande_of_Aragon.txt	43
MayorTroopDeathToSurvivalRatePct	Askia Muhammad I	Specialty	Specialty 2	5	6.0	data/import/Askia_Muhammad_I.txt	50
MayorTroopDeathToSurvivalRatePct	Askia Muhammad I	Specialty	Specialty 2	1	1.0	data/import/Askia_Muhammad_I.txt	50
MayorTroopDeathToSurvivalRatePct	Askia Muhammad I	Specialty	Specialty 2	2	1.0	data/import/Askia_Muhammad_I.txt	50
MayorTroopDeathToSurvivalRatePct	Askia Muhammad I	Specialty	Specialty 2	3	1.0	data/import/Askia_Muhammad_I.txt	50
MayorTroopDeathToSurvivalRatePct	Askia Muhammad I	Specialty	Specialty 2	4	1.0	data/import/Askia_Muhammad_I.txt	50
MayorTroopDeathToSurvivalRatePct	Askia Muhammad I	Specialty	Specialty 2	5	2.0	data/import/Askia_Muhammad_I.txt	50
MayorTroopDeathToSurvivalRatePct	Askia Muhammad I	Specialty	SPECIALTY 2	5	6.0	data/import/Askia_Muhammad_I.txt	50
MayorTroopDeathToSurvivalRatePct	Askia Muhammad I	Specialty	SPECIALTY 2	5	6.0	data/import/Askia_Muhammad_I_20260217_232743.txt	50
MayorTroopDeathToSurvivalRatePct	Empress Wu	Ascension	ASCENSION 3		10.0	data/import/Empress_Wu.txt	25
MayorTroopDeathToSurvivalRatePct	Mansa Musa	BaseSkill	Lord of the Mines		10.0	data/import/Mansa_Musa.txt	12
MayorTroopDeathToSurvivalRatePct	Mansa Musa	Specialty	Specialty 3	5	6.0	data/import/Mansa_Musa.txt	45
MayorTroopDeathToSurvivalRatePct	Mansa Musa	Specialty	Specialty 3	1	1.0	data/import/Mansa_Musa.txt	45
MayorTroopDeathToSurvivalRatePct	Mansa Musa	Specialty	Specialty 3	2	1.0	data/import/Mansa_Musa.txt	45
MayorTroopDeathToSurvivalRatePct	Mansa Musa	Specialty	Specialty 3	3	1.0	data/import/Mansa_Musa.txt	45
MayorTroopDeathToSurvivalRatePct	Mansa Musa	Specialty	Specialty 3	4	1.0	data/import/Mansa_Musa.txt	45
MayorTroopDeathToSurvivalRatePct	Mansa Musa	Specialty	Specialty 3	5	2.0	data/import/Mansa_Musa.txt	45
MayorTroopDeathToSurvivalRatePct	Mansa Musa	Specialty	SPECIALTY 3	5	6.0	data/import/Mansa_Musa.txt	45
MayorTroopDeathToSurvivalRatePct	Zhu Di	Ascension	ASCENSION 3		15.0	data/import/Zhu_Di.txt	29
MayorTroopDeathToSurvivalRatePct	Zizka	Ascension	ASCENSION 2		15.0	data/import/Zizka.txt	26
MayorTroopDefensePct	Mansa Musa	Specialty	Specialty 1	5	-10.0	data/import/Mansa_Musa.txt	37
MayorTroopDefensePct	Mansa Musa	Specialty	Specialty 1	1	-1.0	data/import/Mansa_Musa.txt	37
MayorTroopDefensePct	Mansa Musa	Specialty	Specialty 1	2	-1.0	data/import/Mansa_Musa.txt	37
MayorTroopDefensePct	Mansa Musa	Specialty	Specialty 1	3	-2.0	data/import/Mansa_Musa.txt	37
MayorTroopDefensePct	Mansa Musa	Specialty	Specialty 1	4	-2.0	data/import/Mansa_Musa.txt	37
MayorTroopDefensePct	Mansa Musa	Specialty	Specialty 1	5	-4.0	data/import/Mansa_Musa.txt	37
MayorTroopDefensePct	Mansa Musa	Specialty	SPECIALTY 1	5	-10.0	data/import/Mansa_Musa.txt	37
MayorTroopHPPct	Mansa Musa	Specialty	Specialty 1	5	-10.0	data/import/Mansa_Musa.txt	38
MayorTroopHPPct	Mansa Musa	Specialty	Specialty 1	1	-1.0	data/import/Mansa_Musa.txt	38
MayorTroopHPPct	Mansa Musa	Specialty	Specialty 1	2	-1.0	data/import/Mansa_Musa.txt	38
MayorTroopHPPct	Mansa Musa	Specialty	Specialty 1	3	-2.0	data/import/Mansa_Musa.txt	38
MayorTroopHPPct	Mansa Musa	Specialty	Specialty 1	4	-2.0	data/import/Mansa_Musa.txt	38
MayorTroopHPPct	Mansa Musa	Specialty	Specialty 1	5	-4.0	data/import/Mansa_Musa.txt	38
MayorTroopHPPct	Mansa Musa	Specialty	SPECIALTY 1	5	-10.0	data/import/Mansa_Musa.txt	38
MayorTroopHPPct	Yolande of Aragon	Ascension	ASCENSION 5		15.0	data/import/Yolande_of_Aragon.txt	44
MayorTroopTrainingSpeedPct	Catherine II	BaseSkill	Domination		35.0	data/import/Catherine_II.txt	11
MayorTroopTrainingSpeedPct	Zizka	Ascension	ASCENSION 3		20.0	data/import/Zizka.txt	30
MonsterDoubleItemsDropRatePct	Athena	Ascension	ASCENSION 5		15.0	data/import/Athena.txt	51
MonsterDoubleItemsDropRatePct	Athena	Specialty	SPECIALTY 4	5	15.0	data/import/Athena.txt	51
MonsterDoubleItemsDropRatePct	Cleopatra	BaseSkill	Enchantment		20.0	data/import/Cleopatra.txt	11
MonstersAttackDebuffPct	Aethelflaed	Specialty	SPECIALTY 1	5	-15.0	data/import/Aethelflaed.txt	36
MountedDefenseWithDragonOrSpiritualBeastWhenAttacking	Napoleon (Prime)	BaseSkill	Napoleonic Wars		30.0	data/import/Napoleon_Prime.txt	12
RangedTroopAndSiegeMachineDefensePct	Toyotomi Hideyori	Ascension	ASCENSION 4		15.0	data/import/Toyotomi_Hideyori.txt	28
RangedTroopAndSiegeMachineHPPct	Toyotomi Hideyori	Ascension	ASCENSION 1		10.0	data/import/Toyotomi_Hideyori.txt	18
ResourceGatheringSpeedPct	Shimazu Yoshihiro	BaseSkill	Shimazu Demon		10.0	data/import/Shimazu_Yoshihiro.txt	12
ResourcesProtectedPct	Philippa	Ascension	ASCENSION 5		100.0	data/import/Philippa.txt	52
ResourcesProtectedPct	Philippa	Specialty	Specialty 3		100.0	data/import/Philippa.txt	52
ResourcesProtectedPct	Philippa	Specialty	Specialty 3	5	100.0	data/import/Philippa.txt	52
ResourcesProtectedPct	Philippa	Specialty	SPECIALTY 3	5	100.0	data/import/Philippa.txt	52
StaminaCostToAttackMonstersPct	Spartacus	Ascension	ASCENSION 1		-5.0	data/import/Spartacus.txt	16
StaminaCostToAttackMonstersPct	Spartacus	Ascension	ASCENSION 3		-5.0	data/import/Spartacus.txt	24
SubCityDeathIntoSurvivalRatePct	Abd al-Rahman I	Specialty	SPECIALTY 2	5	6.0	data/import/Abd_al-Rahman_I.txt	49
SubCityDeathIntoSurvivalRatePct	Abd al-Rahman I	Specialty	SPECIALTY 2	1	1.0	data/import/Abd_al-Rahman_I.txt	49
SubCityDeathIntoSurvivalRatePct	Abd al-Rahman I	Specialty	SPECIALTY 2	2	1.0	data/import/Abd_al-Rahman_I.txt	49
SubCityDeathIntoSurvivalRatePct	Abd al-Rahman I	Specialty	SPECIALTY 2	3	1.0	data/import/Abd_al-Rahman_I.txt	49
SubCityDeathIntoSurvivalRatePct	Abd al-Rahman I	Specialty	SPECIALTY 2	4	1.0	data/import/Abd_al-Rahman_I.txt	49
SubCityDeathIntoSurvivalRatePct	Abd al-Rahman I	Specialty	SPECIALTY 2	5	2.0	data/import/Abd_al-Rahman_I.txt	49
SubCityTroopCapacityPct	Empress Dowager Cixi	Specialty	Specialty 2	5	36.0	data/import/Empress_Dowager_Cixi.txt	43
SubCityTroopCapacityPct	Empress Dowager Cixi	Specialty	SPECIALTY 2	5	36.0	data/import/Empress_Dowager_Cixi.txt	43
SubCityTroopCapacityPct	Montezuma I	Specialty	Specialty 2	5	36.0	data/import/Montezuma_I.txt	49
SubCityTroopCapacityPct	Montezuma I	Specialty	SPECIALTY 2	5	36.0	data/import/Montezuma_I.txt	49
SubCityTroopCapacityPct	Montezuma I	Specialty	SPECIALTY 2	5	36.0	data/import/Montezuma_I_20260217_232744.txt	49
SubCityTroopDeathToSurvivalRatePct	Abd al-Rahman I	Specialty	Specialty 2	5	6.0	data/import/Abd_al-Rahman_I.txt	49
SubCityTroopDeathToSurvivalRatePct	Abd al-Rahman I	Specialty	Specialty 2	1	1.0	data/import/Abd_al-Rahman_I.txt	49
SubCityTroopDeathToSurvivalRatePct	Abd al-Rahman I	Specialty	Specialty 2	2	1.0	data/import/Abd_al-Rahman_I.txt	49
SubCityTroopDeathToSurvivalRatePct	Abd al-Rahman I	Specialty	Specialty 2	3	1.0	data/import/Abd_al-Rahman_I.txt	49
SubCityTroopDeathToSurvivalRatePct	Abd al-Rahman I	Specialty	Specialty 2	4	1.0	data/import/Abd_al-Rahman_I.txt	49
SubCityTroopDeathToSurvivalRatePct	Abd al-Rahman I	Specialty	Specialty 2	5	2.0	data/import/Abd_al-Rahman_I.txt	49
SubCityTroopDeathToSurvivalRatePct	Abd al-Rahman I	Specialty	SPECIALTY 2	5	6.0	data/import/Abd_al-Rahman_I.txt	49
TrainingCapacityPct	Ban Chao	Ascension	ASCENSION 3		5.0	data/import/Ban_Chao.txt	28
TrainingSpeedPct	Sigurd	Covenant	COVENANT | Peace		10.0	data/import/Sigurd.txt	113
TrainingSpeedPct	Sigurd	Covenant	COVENANT 3		10.0	data/import/Sigurd.txt	113
WhenAttackingMonstersTroopAttackPct	Nathanael Greene	Ascension	ASCENSION 1		5.0	data/import/Nathanael_Greene.txt	14
WhenAttackingMonstersTroopAttackPct	Nathanael Greene	Ascension	ASCENSION 4		5.0	data/import/Nathanael_Greene.txt	26
WhenAttackingMonstersTroopAttackPct	Nathanael Greene	Ascension	ASCENSION 5		10.0	data/import/Nathanael_Greene.txt	30
WhenAttackingMonstersTroopsAttackPct	Baibars	Ascension	ASCENSION 5		20.0	data/import/Baibars.txt	28
WhenBringingDragonMountedTroopAttackPct	Ulysses S. Grant	BaseSkill	Federal Commander		15.0	data/import/Ulysses_S_Grant.txt	16
WhenBringingDragonMountedTroopAttackPct	Ulysses S. Grant	Ascension	ASCENSION 5		10.0	data/import/Ulysses_S_Grant.txt	36
WhenBringingDragonMountedTroopAttackPct	Ulysses S. Grant	Ascension	ASCENSION 5		26.0	data/import/Ulysses_S_Grant.txt	53
WhenBringingDragonMountedTroopAttackPct	Ulysses S. Grant	Specialty	Specialty 4		26.0	data/import/Ulysses_S_Grant.txt	53
WhenBringingDragonMountedTroopAttackPct	Ulysses S. Grant	Specialty	Specialty 4	5	26.0	data/import/Ulysses_S_Grant.txt	53
WhenBringingDragonMountedTroopAttackPct	Ulysses S. Grant	Specialty	Specialty 4	1	3.0	data/import/Ulysses_S_Grant.txt	53
WhenBringingDragonMountedTroopAttackPct	Ulysses S. Grant	Specialty	Specialty 4	2	3.0	data/import/Ulysses_S_Grant.txt	53
WhenBringingDragonMountedTroopAttackPct	Ulysses S. Grant	Specialty	Specialty 4	3	5.0	data/import/Ulysses_S_Grant.txt	53
WhenBringingDragonMountedTroopAttackPct	Ulysses S. Grant	Specialty	Specialty 4	4	5.0	data/import/Ulysses_S_Grant.txt	53
WhenBringingDragonMountedTroopAttackPct	Ulysses S. Grant	Specialty	Specialty 4	5	10.0	data/import/Ulysses_S_Grant.txt	53
WhenBringingDragonMountedTroopAttackPct	Ulysses S. Grant	Specialty	SPECIALTY 4	5	26.0	data/import/Ulysses_S_Grant.txt	53
WhenBringingDragonSiegeMachineAttackPct	Ulysses S. Grant	BaseSkill	Federal Commander		15.0	data/import/Ulysses_S_Grant.txt	15
WhenBringingDragonSiegeMachineAttackPct	Ulysses S. Grant	Ascension	ASCENSION 5		10.0	data/import/Ulysses_S_Grant.txt	35
WhenBringingDragonSiegeMachineAttackPct	Ulysses S. Grant	Ascension	ASCENSION 5		26.0	data/import/Ulysses_S_Grant.txt	54
WhenBringingDragonSiegeMachineAttackPct	Ulysses S. Grant	Specialty	Specialty 4		26.0	data/import/Ulysses_S_Grant.txt	54
WhenBringingDragonSiegeMachineAttackPct	Ulysses S. Grant	Specialty	Specialty 4	5	26.0	data/import/Ulysses_S_Grant.txt	54
WhenBringingDragonSiegeMachineAttackPct	Ulysses S. Grant	Specialty	Specialty 4	1	3.0	data/import/Ulysses_S_Grant.txt	54
WhenBringingDragonSiegeMachineAttackPct	Ulysses S. Grant	Specialty	Specialty 4	2	3.0	data/import/Ulysses_S_Grant.txt	54
WhenBringingDragonSiegeMachineAttackPct	Ulysses S. Grant	Specialty	Specialty 4	3	5.0	data/import/Ulysses_S_Grant.txt	54
WhenBringingDragonSiegeMachineAttackPct	Ulysses S. Grant	Specialty	Specialty 4	4	5.0	data/import/Ulysses_S_Grant.txt	54
WhenBringingDragonSiegeMachineAttackPct	Ulysses S. Grant	Specialty	Specialty 4	5	10.0	data/import/Ulysses_S_Grant.txt	54
WhenBringingDragonSiegeMachineAttackPct	Ulysses S. Grant	Specialty	SPECIALTY 4	5	26.0	data/import/Ulysses_S_Grant.txt	54
WhenGeneralBringsAnyDragon_RangedTroopAttackPct	Minamoto no Yoshitsune	BaseSkill	Shanao		15.0	data/import/Minamoto_no_Yoshitsune.txt	12
WhenGeneralBringsAnyDragon_RangedTroopAttackPct	Minamoto no Yoshitsune	Ascension	ASCENSION 5		46.0	data/import/Minamoto_no_Yoshitsune.txt	47
WhenGeneralBringsAnyDragon_RangedTroopAttackPct	Minamoto no Yoshitsune	Specialty	Specialty 4		46.0	data/import/Minamoto_no_Yoshitsune.txt	47
WhenGeneralBringsAnyDragon_RangedTroopAttackPct	Minamoto no Yoshitsune	Specialty	Specialty 4	5	46.0	data/import/Minamoto_no_Yoshitsune.txt	47
WhenGeneralBringsAnyDragon_RangedTroopAttackPct	Minamoto no Yoshitsune	Specialty	Specialty 4	1	5.0	data/import/Minamoto_no_Yoshitsune.txt	47
WhenGeneralBringsAnyDragon_RangedTroopAttackPct	Minamoto no Yoshitsune	Specialty	Specialty 4	2	5.0	data/import/Minamoto_no_Yoshitsune.txt	47
WhenGeneralBringsAnyDragon_RangedTroopAttackPct	Minamoto no Yoshitsune	Specialty	Specialty 4	3	9.0	data/import/Minamoto_no_Yoshitsune.txt	47
WhenGeneralBringsAnyDragon_RangedTroopAttackPct	Minamoto no Yoshitsune	Specialty	Specialty 4	4	9.0	data/import/Minamoto_no_Yoshitsune.txt	47
WhenGeneralBringsAnyDragon_RangedTroopAttackPct	Minamoto no Yoshitsune	Specialty	Specialty 4	5	18.0	data/import/Minamoto_no_Yoshitsune.txt	47
WhenGeneralBringsAnyDragon_RangedTroopAttackPct	Minamoto no Yoshitsune	Specialty	SPECIALTY 4	5	46.0	data/import/Minamoto_no_Yoshitsune.txt	47
WhenGeneralIsTheForgeOfficer_EnemyGroundDefensePct	Ono no Imoko	BaseSkill	Greater Virtue		-12.0	data/import/Ono_no_Imoko.txt	13
WhenGeneralIsTheForgeOfficer_EnemyGroundHPPct	Ono no Imoko	BaseSkill	Greater Virtue		-12.0	data/import/Ono_no_Imoko.txt	14
WhenGeneralIsTheForgeOfficer_EnemyMountedDefensePct	Ono no Imoko	BaseSkill	Greater Virtue		-12.0	data/import/Ono_no_Imoko.txt	15
WhenGeneralIsTheForgeOfficer_EnemyMountedHPPct	Ono no Imoko	BaseSkill	Greater Virtue		-12.0	data/import/Ono_no_Imoko.txt	16
WhenGeneralIsTheForgeOfficer_GroundHPPct	Ono no Imoko	BaseSkill	Greater Virtue		15.0	data/import/Ono_no_Imoko.txt	12
WhenGeneralIsTheRallySpotOfficer_AttackingTroopAttackPct	Toyotomi Hideyoshi	BaseSkill	Taikou Expedition		5.0	data/import/Toyotomi_Hideyoshi.txt	12
WhenGeneralIsTheRallySpotOfficer_AttackingTroopHPPct	Toyotomi Hideyoshi	BaseSkill	Taikou Expedition		5.0	data/import/Toyotomi_Hideyoshi.txt	13
WhenGeneralIsTheRallySpotOfficer_MarchSpeedPct	Toyotomi Hideyoshi	Ascension	ASCENSION 2		20.0	data/import/Toyotomi_Hideyoshi.txt	19
WhenGeneralIsTheRallySpotOfficer_TroopAttackPct	Niwa Nagahide	BaseSkill	Oni Gorozo		6.0	data/import/Niwa_Nagahide.txt	12
WhenGeneralIsTheRallySpotOfficer_TroopDefensePct	Niwa Nagahide	BaseSkill	Oni Gorozo		6.0	data/import/Niwa_Nagahide.txt	13
WhenGeneralIsTheRallySpotOfficer_TroopHPPct	Niwa Nagahide	BaseSkill	Oni Gorozo		6.0	data/import/Niwa_Nagahide.txt	14
